centos7-flask,2022-05-07,00:50:45,cups-client,1.6.3,51.el7
centos7-flask,2022-05-07,00:50:45,efivar-libs,36,12.el7
centos7-flask,2022-05-07,00:50:45,rsyslog,8.24.0,57.el7_9.2
centos7-flask,2022-05-07,00:50:45,abrt,2.1.11,60.el7.centos
centos7-flask,2022-05-07,00:50:45,libmediaart,1.9.4,1.el7
centos7-flask,2022-05-07,00:50:45,giflib,4.1.6,9.el7
centos7-flask,2022-05-07,00:50:45,festival-lib,1.96,28.el7
centos7-flask,2022-05-07,00:50:45,trousers,0.3.14,2.el7
centos7-flask,2022-05-07,00:50:45,libdb-utils,5.3.21,25.el7
centos7-flask,2022-05-07,00:50:45,xorg-x11-font-utils,7.5,21.el7
centos7-flask,2022-05-07,00:50:45,PackageKit-command-not-found,1.1.10,2.el7.centos
centos7-flask,2022-05-07,00:50:45,libcom_err,1.42.9,19.el7
centos7-flask,2022-05-07,00:50:45,libseccomp,2.3.1,4.el7
centos7-flask,2022-05-07,00:50:45,basesystem,10.0,7.el7.centos
centos7-flask,2022-05-07,00:50:45,qemu-kvm-common,1.5.3,175.el7_9.5
centos7-flask,2022-05-07,00:50:45,libreport-plugin-mailx,2.1.11,53.el7.centos
centos7-flask,2022-05-07,00:50:45,p11-kit,0.23.5,3.el7
centos7-flask,2022-05-07,00:50:45,pyusb,1.0.0,0.11.b1.el7
centos7-flask,2022-05-07,00:50:45,libvirt-daemon-driver-storage-iscsi,4.5.0,36.el7_9.5
centos7-flask,2022-05-07,00:50:45,libmodman,2.0.1,8.el7
centos7-flask,2022-05-07,00:50:45,telepathy-gabble,0.18.1,4.el7
centos7-flask,2022-05-07,00:50:45,parted,3.1,32.el7
centos7-flask,2022-05-07,00:50:45,gnome-disk-utility,3.28.3,1.el7
centos7-flask,2022-05-07,00:50:45,paratype-pt-sans-fonts,20101909,3.el7
centos7-flask,2022-05-07,00:50:45,libdvdread,5.0.3,3.el7
centos7-flask,2022-05-07,00:50:45,bluez-libs,5.44,7.el7
centos7-flask,2022-05-07,00:50:45,firstboot,19.12,1.el7
centos7-flask,2022-05-07,00:50:45,libwebp,0.3.0,10.el7_9
centos7-flask,2022-05-07,00:50:45,libxslt,1.1.28,6.el7
centos7-flask,2022-05-07,00:50:45,system-config-printer-udev,1.4.1,23.el7
centos7-flask,2022-05-07,00:50:45,perl-Encode,2.51,7.el7
centos7-flask,2022-05-07,00:50:45,elfutils,0.176,5.el7
centos7-flask,2022-05-07,00:50:45,python2-cryptography,1.7.2,2.el7
centos7-flask,2022-05-07,00:50:45,libevdev,1.5.6,1.el7
centos7-flask,2022-05-07,00:50:45,libgpg-error,1.12,3.el7
centos7-flask,2022-05-07,00:50:45,lvm2-libs,2.02.187,6.el7_9.5
centos7-flask,2022-05-07,00:50:45,telepathy-haze,0.8.0,1.el7
centos7-flask,2022-05-07,00:50:45,spice-streaming-agent,0.2,4.el7
centos7-flask,2022-05-07,00:50:45,avahi,0.6.31,20.el7
centos7-flask,2022-05-07,00:50:45,shim-x64,15,8.el7
centos7-flask,2022-05-07,00:50:45,python-libipa_hbac,1.16.5,10.el7_9.12
centos7-flask,2022-05-07,00:50:45,e2fsprogs-libs,1.42.9,19.el7
centos7-flask,2022-05-07,00:50:45,pulseaudio-libs,10.0,6.el7_9
centos7-flask,2022-05-07,00:50:45,libdwarf,20130207,4.el7
centos7-flask,2022-05-07,00:50:45,lcms2,2.6,3.el7
centos7-flask,2022-05-07,00:50:45,iprutils,2.4.17.1,3.el7_7
centos7-flask,2022-05-07,00:50:45,qemu-guest-agent,2.12.0,3.el7
centos7-flask,2022-05-07,00:50:45,deltarpm,3.6,3.el7
centos7-flask,2022-05-07,00:50:45,libxcb,1.13,1.el7
centos7-flask,2022-05-07,00:50:45,sssd-common-pac,1.16.5,10.el7_9.12
centos7-flask,2022-05-07,00:50:45,rtkit,0.11,10.el7
centos7-flask,2022-05-07,00:50:45,xcb-util-keysyms,0.4.0,1.el7
centos7-flask,2022-05-07,00:50:45,python-ply,3.4,11.el7
centos7-flask,2022-05-07,00:50:45,expat,2.1.0,14.el7_9
centos7-flask,2022-05-07,00:50:45,libgphoto2,2.5.15,3.el7
centos7-flask,2022-05-07,00:50:45,tzdata-java,2022a,1.el7
centos7-flask,2022-05-07,00:50:45,cdparanoia,10.2,17.el7
centos7-flask,2022-05-07,00:50:45,xcb-util,0.4.0,2.el7
centos7-flask,2022-05-07,00:50:45,gvfs-fuse,1.36.2,5.el7_9
centos7-flask,2022-05-07,00:50:45,setup,2.8.71,11.el7
centos7-flask,2022-05-07,00:50:45,anaconda-widgets,21.48.22.159,1.el7.centos
centos7-flask,2022-05-07,00:50:45,http-parser,2.7.1,9.el7
centos7-flask,2022-05-07,00:50:45,file-roller-nautilus,3.28.1,2.el7
centos7-flask,2022-05-07,00:50:45,urw-base35-fonts,20170801,10.el7
centos7-flask,2022-05-07,00:50:45,emacs-filesystem,24.3,23.el7
centos7-flask,2022-05-07,00:50:45,abrt-addon-vmcore,2.1.11,60.el7.centos
centos7-flask,2022-05-07,00:50:45,ibus-gtk3,1.5.17,12.el7_9
centos7-flask,2022-05-07,00:50:45,ncurses-libs,5.9,14.20130511.el7_4
centos7-flask,2022-05-07,00:50:45,polkit,0.112,26.el7_9.1
centos7-flask,2022-05-07,00:50:45,ldns,1.6.16,10.el7
centos7-flask,2022-05-07,00:50:45,gnome-color-manager,3.28.0,1.el7
centos7-flask,2022-05-07,00:50:45,fcoe-utils,1.0.32,2.el7_6
centos7-flask,2022-05-07,00:50:45,xorg-x11-xkb-utils,7.7,14.el7
centos7-flask,2022-05-07,00:50:45,ibus-hangul,1.4.2,11.el7
centos7-flask,2022-05-07,00:50:45,libxkbfile,1.0.9,3.el7
centos7-flask,2022-05-07,00:50:45,hplip-libs,3.15.9,5.el7
centos7-flask,2022-05-07,00:50:45,python-kitchen,1.1.1,5.el7
centos7-flask,2022-05-07,00:50:45,libwvstreams,4.6.1,12.el7_8
centos7-flask,2022-05-07,00:50:45,freerdp-libs,2.1.1,5.el7_9
centos7-flask,2022-05-07,00:50:45,xmlrpc-c-client,1.32.5,1905.svn2451.el7
centos7-flask,2022-05-07,00:50:45,cheese,3.28.0,1.el7
centos7-flask,2022-05-07,00:50:45,libvirt-daemon-driver-qemu,4.5.0,36.el7_9.5
centos7-flask,2022-05-07,00:50:45,perl-Time-HiRes,1.9725,3.el7
centos7-flask,2022-05-07,00:50:45,gssdp,1.0.2,1.el7
centos7-flask,2022-05-07,00:50:45,urw-base35-d050000l-fonts,20170801,10.el7
centos7-flask,2022-05-07,00:50:45,libacl,2.2.51,15.el7
centos7-flask,2022-05-07,00:50:45,xorg-x11-drv-ati,19.0.1,3.el7_7
centos7-flask,2022-05-07,00:50:45,pulseaudio-libs-glib2,10.0,6.el7_9
centos7-flask,2022-05-07,00:50:45,policycoreutils,2.5,34.el7
centos7-flask,2022-05-07,00:50:45,libmusicbrainz5,5.0.1,9.el7
centos7-flask,2022-05-07,00:50:45,sane-backends-drivers-scanners,1.0.24,12.el7
centos7-flask,2022-05-07,00:50:45,speech-dispatcher-python,0.7.1,15.el7
centos7-flask,2022-05-07,00:50:45,colord-gtk,0.1.25,4.el7
centos7-flask,2022-05-07,00:50:45,osinfo-db,20200529,1.el7
centos7-flask,2022-05-07,00:50:45,libpath_utils,0.2.1,32.el7
centos7-flask,2022-05-07,00:50:45,urw-base35-c059-fonts,20170801,10.el7
centos7-flask,2022-05-07,00:50:45,wodim,1.1.11,25.el7
centos7-flask,2022-05-07,00:50:45,libglvnd-gles,1.0.1,0.8.git5baa1e5.el7
centos7-flask,2022-05-07,00:50:45,system-config-printer-libs,1.4.1,23.el7
centos7-flask,2022-05-07,00:50:45,setroubleshoot,3.2.30,8.el7
centos7-flask,2022-05-07,00:50:45,gstreamer1,1.10.4,2.el7
centos7-flask,2022-05-07,00:50:45,gom,0.4,1.el7
centos7-flask,2022-05-07,00:50:45,dbus-libs,1.10.24,15.el7
centos7-flask,2022-05-07,00:50:45,cairo-gobject,1.15.12,4.el7
centos7-flask,2022-05-07,00:50:45,ntp,4.2.6p5,29.el7.centos.2
centos7-flask,2022-05-07,00:50:45,libkkc,0.3.1,9.el7
centos7-flask,2022-05-07,00:50:45,gutenprint,5.2.9,18.el7
centos7-flask,2022-05-07,00:50:45,usermode,1.111,6.el7
centos7-flask,2022-05-07,00:50:45,qpdf-libs,5.0.1,4.el7
centos7-flask,2022-05-07,00:50:45,pyparted,3.9,15.el7
centos7-flask,2022-05-07,00:50:45,libedit,3.0,12.20121213cvs.el7
centos7-flask,2022-05-07,00:50:45,openssh,7.4p1,22.el7_9
centos7-flask,2022-05-07,00:50:45,openssl,1.0.2k,25.el7_9
centos7-flask,2022-05-07,00:50:45,accountsservice,0.6.50,7.el7
centos7-flask,2022-05-07,00:50:45,google-noto-emoji-fonts,20180508,4.el7
centos7-flask,2022-05-07,00:50:45,iwl100-firmware,39.31.5.1,80.el7_9
centos7-flask,2022-05-07,00:50:45,gssproxy,0.7.0,30.el7_9
centos7-flask,2022-05-07,00:50:45,javapackages-tools,3.4.1,11.el7
centos7-flask,2022-05-07,00:50:45,iwl6000g2b-firmware,18.168.6.1,80.el7_9
centos7-flask,2022-05-07,00:50:45,gupnp-av,0.12.10,1.el7
centos7-flask,2022-05-07,00:50:45,telepathy-farstream,0.6.0,5.el7
centos7-flask,2022-05-07,00:50:45,gtk-update-icon-cache,3.22.30,8.el7_9
centos7-flask,2022-05-07,00:50:45,ntpdate,4.2.6p5,29.el7.centos.2
centos7-flask,2022-05-07,00:50:45,pkgconfig,0.27.1,4.el7
centos7-flask,2022-05-07,00:50:45,libvirt-daemon-driver-interface,4.5.0,36.el7_9.5
centos7-flask,2022-05-07,00:50:45,NetworkManager,1.18.8,2.el7_9
centos7-flask,2022-05-07,00:50:45,NetworkManager-glib,1.18.8,2.el7_9
centos7-flask,2022-05-07,00:50:45,gnome-packagekit,3.28.0,1.el7
centos7-flask,2022-05-07,00:50:45,glade-libs,3.22.1,1.el7
centos7-flask,2022-05-07,00:50:45,setuptool,1.19.11,8.el7
centos7-flask,2022-05-07,00:50:45,urw-base35-gothic-fonts,20170801,10.el7
centos7-flask,2022-05-07,00:50:45,gstreamer-plugins-good,0.10.31,13.el7
centos7-flask,2022-05-07,00:50:45,skkdic,20130104,6.T1435.el7
centos7-flask,2022-05-07,00:50:45,xorg-x11-proto-devel,2018.4,1.el7
centos7-flask,2022-05-07,00:50:45,gvfs-goa,1.36.2,5.el7_9
centos7-flask,2022-05-07,00:50:45,lohit-tamil-fonts,2.5.3,2.el7
centos7-flask,2022-05-07,00:50:45,iwl1000-firmware,39.31.5.1,80.el7_9
centos7-flask,2022-05-07,00:50:45,python-chardet,2.2.1,3.el7
centos7-flask,2022-05-07,00:50:45,cronie-anacron,1.4.11,24.el7_9
centos7-flask,2022-05-07,00:50:45,xfsprogs,4.5.0,22.el7
centos7-flask,2022-05-07,00:50:45,firewalld-filesystem,0.6.3,13.el7_9
centos7-flask,2022-05-07,00:50:45,python-qrcode-core,5.0.1,1.el7
centos7-flask,2022-05-07,00:50:45,libcroco,0.6.12,6.el7_9
centos7-flask,2022-05-07,00:50:45,gnome-shell-extension-common,3.28.1,17.el7_9
centos7-flask,2022-05-07,00:50:45,selinux-policy-targeted,3.13.1,268.el7_9.2
centos7-flask,2022-05-07,00:50:45,gnome-shell-extension-top-icons,3.28.1,17.el7_9
centos7-flask,2022-05-07,00:50:45,abrt-console-notification,2.1.11,60.el7.centos
centos7-flask,2022-05-07,00:50:45,xorg-x11-drv-v4l,0.2.0,49.el7
centos7-flask,2022-05-07,00:50:45,telepathy-glib,0.24.1,1.el7
centos7-flask,2022-05-07,00:50:45,plymouth-plugin-label,0.8.9,0.34.20140113.el7.centos
centos7-flask,2022-05-07,00:50:45,colord-libs,1.3.4,2.el7
centos7-flask,2022-05-07,00:50:45,gnome-session-xsession,3.28.1,8.el7
centos7-flask,2022-05-07,00:50:45,libgcab1,0.7,4.el7_4
centos7-flask,2022-05-07,00:50:45,gvnc,0.7.0,3.el7
centos7-flask,2022-05-07,00:50:45,copy-jdk-configs,3.3,10.el7_5
centos7-flask,2022-05-07,00:50:45,hypervfcopyd,0,0.34.20180415git.el7
centos7-flask,2022-05-07,00:50:45,cronie,1.4.11,24.el7_9
centos7-flask,2022-05-07,00:50:45,overpass-fonts,2.1,1.el7
centos7-flask,2022-05-07,00:50:45,rpm-libs,4.11.3,48.el7_9
centos7-flask,2022-05-07,00:50:45,nano,2.3.1,10.el7
centos7-flask,2022-05-07,00:50:45,sg3_utils,1.37,19.el7
centos7-flask,2022-05-07,00:50:45,authconfig,6.2.8,30.el7
centos7-flask,2022-05-07,00:50:45,nettle,2.7.1,9.el7_9
centos7-flask,2022-05-07,00:50:45,elfutils-default-yama-scope,0.176,5.el7
centos7-flask,2022-05-07,00:50:45,libcacard,2.7.0,1.el7
centos7-flask,2022-05-07,00:50:45,colord,1.3.4,2.el7
centos7-flask,2022-05-07,00:50:45,libpipeline,1.2.3,3.el7
centos7-flask,2022-05-07,00:50:45,dejavu-serif-fonts,2.33,6.el7
centos7-flask,2022-05-07,00:50:45,gnome-system-monitor,3.28.2,1.el7
centos7-flask,2022-05-07,00:50:45,findutils,4.5.11,6.el7
centos7-flask,2022-05-07,00:50:45,popt,1.13,16.el7
centos7-flask,2022-05-07,00:50:45,nhn-nanum-fonts-common,3.020,9.el7
centos7-flask,2022-05-07,00:50:45,libsss_idmap,1.16.5,10.el7_9.12
centos7-flask,2022-05-07,00:50:45,hunspell-en,0.20121024,6.el7
centos7-flask,2022-05-07,00:50:45,imsettings-gsettings,1.6.3,11.el7
centos7-flask,2022-05-07,00:50:45,libraw1394,2.1.0,2.el7
centos7-flask,2022-05-07,00:50:45,folks,0.11.4,1.el7
centos7-flask,2022-05-07,00:50:45,gnome-clocks,3.28.0,1.el7
centos7-flask,2022-05-07,00:50:45,iptables,1.4.21,35.el7
centos7-flask,2022-05-07,00:50:45,isomd5sum,1.0.10,5.el7
centos7-flask,2022-05-07,00:50:45,ibus-table,1.5.0,5.el7
centos7-flask,2022-05-07,00:50:45,liblouis-python,2.5.2,12.el7_4
centos7-flask,2022-05-07,00:50:45,createrepo,0.9.9,28.el7
centos7-flask,2022-05-07,00:50:45,spice-glib,0.35,5.el7_9.1
centos7-flask,2022-05-07,00:50:45,dotconf,1.3,8.el7
centos7-flask,2022-05-07,00:50:45,PackageKit-glib,1.1.10,2.el7.centos
centos7-flask,2022-05-07,00:50:45,python-idna,2.4,1.el7
centos7-flask,2022-05-07,00:50:45,enchant,1.6.0,8.el7
centos7-flask,2022-05-07,00:50:45,gnome-shell-extension-window-list,3.28.1,17.el7_9
centos7-flask,2022-05-07,00:50:45,libXxf86dga,1.1.4,2.1.el7
centos7-flask,2022-05-07,00:50:45,xdg-user-dirs-gtk,0.10,4.el7
centos7-flask,2022-05-07,00:50:45,libwayland-client,1.15.0,1.el7
centos7-flask,2022-05-07,00:50:45,libsmbios,2.3.3,8.el7
centos7-flask,2022-05-07,00:50:45,libXres,1.2.0,1.el7
centos7-flask,2022-05-07,00:50:45,khmeros-fonts-common,5.0,17.el7
centos7-flask,2022-05-07,00:50:45,mdadm,4.1,9.el7_9
centos7-flask,2022-05-07,00:50:45,dejavu-sans-mono-fonts,2.33,6.el7
centos7-flask,2022-05-07,00:50:45,gnome-tweak-tool,3.28.1,7.el7
centos7-flask,2022-05-07,00:50:45,centos-indexhtml,7,9.el7.centos
centos7-flask,2022-05-07,00:50:45,gnome-icon-theme-extras,3.12.0,1.el7
centos7-flask,2022-05-07,00:50:45,device-mapper,1.02.170,6.el7_9.5
centos7-flask,2022-05-07,00:50:45,libXtst,1.2.3,1.el7
centos7-flask,2022-05-07,00:50:45,python-coverage,3.6,0.5.b3.el7
centos7-flask,2022-05-07,00:50:45,irqbalance,1.0.7,12.el7
centos7-flask,2022-05-07,00:50:45,liberation-fonts-common,1.07.2,16.el7
centos7-flask,2022-05-07,00:50:45,gnome-terminal,3.28.2,3.el7
centos7-flask,2022-05-07,00:50:45,GeoIP,1.5.0,14.el7
centos7-flask,2022-05-07,00:50:45,libsigc++20,2.10.0,1.el7
centos7-flask,2022-05-07,00:50:45,tigervnc-license,1.8.0,22.el7
centos7-flask,2022-05-07,00:50:45,virt-what,1.18,4.el7_9.1
centos7-flask,2022-05-07,00:50:45,crda,3.18_2018.05.31,4.el7
centos7-flask,2022-05-07,00:50:45,libical,3.0.3,2.el7
centos7-flask,2022-05-07,00:50:45,xorg-x11-drv-synaptics,1.9.0,2.el7
centos7-flask,2022-05-07,00:50:45,python-configobj,4.7.2,7.el7
centos7-flask,2022-05-07,00:50:45,xkeyboard-config,2.24,1.el7
centos7-flask,2022-05-07,00:50:45,libofa,0.9.3,24.el7
centos7-flask,2022-05-07,00:50:45,sound-theme-freedesktop,0.8,3.el7
centos7-flask,2022-05-07,00:50:45,libblockdev-loop,2.18,5.el7
centos7-flask,2022-05-07,00:50:45,libssh2,1.8.0,4.el7
centos7-flask,2022-05-07,00:50:45,NetworkManager-adsl,1.18.8,2.el7_9
centos7-flask,2022-05-07,00:50:45,open-vm-tools-desktop,11.0.5,3.el7_9.3
centos7-flask,2022-05-07,00:50:45,libXcursor,1.1.15,1.el7
centos7-flask,2022-05-07,00:50:45,newt,0.52.15,4.el7
centos7-flask,2022-05-07,00:50:45,bridge-utils,1.5,9.el7
centos7-flask,2022-05-07,00:50:45,procps-ng,3.3.10,28.el7
centos7-flask,2022-05-07,00:50:45,lohit-nepali-fonts,2.5.3,2.el7
centos7-flask,2022-05-07,00:50:45,plymouth-core-libs,0.8.9,0.34.20140113.el7.centos
centos7-flask,2022-05-07,00:50:45,pytz,2016.10,2.el7
centos7-flask,2022-05-07,00:50:45,libXpm,3.5.12,1.el7
centos7-flask,2022-05-07,00:50:45,pulseaudio-gdm-hooks,10.0,6.el7_9
centos7-flask,2022-05-07,00:50:45,xorg-x11-drv-nouveau,1.0.15,1.el7
centos7-flask,2022-05-07,00:50:45,tagsoup,1.2.1,8.el7
centos7-flask,2022-05-07,00:50:45,zlib,1.2.7,19.el7_9
centos7-flask,2022-05-07,00:50:45,libpeas,1.22.0,1.el7
centos7-flask,2022-05-07,00:50:45,gutenprint-cups,5.2.9,18.el7
centos7-flask,2022-05-07,00:50:45,xdg-desktop-portal-gtk,1.0.2,1.el7
centos7-flask,2022-05-07,00:50:45,libselinux,2.5,15.el7
centos7-flask,2022-05-07,00:50:45,libassuan,2.1.0,3.el7
centos7-flask,2022-05-07,00:50:45,gnome-shell-extension-places-menu,3.28.1,17.el7_9
centos7-flask,2022-05-07,00:50:45,sushi,3.28.3,1.el7
centos7-flask,2022-05-07,00:50:45,cups-filters,1.0.35,28.el7
centos7-flask,2022-05-07,00:50:45,iw,4.3,2.el7
centos7-flask,2022-05-07,00:50:45,clutter-gtk,1.8.4,1.el7
centos7-flask,2022-05-07,00:50:45,hyperv-daemons,0,0.34.20180415git.el7
centos7-flask,2022-05-07,00:50:45,liberation-serif-fonts,1.07.2,16.el7
centos7-flask,2022-05-07,00:50:45,ibus-libpinyin,1.6.91,4.el7
centos7-flask,2022-05-07,00:50:45,setroubleshoot-server,3.2.30,8.el7
centos7-flask,2022-05-07,00:50:45,make,3.82,24.el7
centos7-flask,2022-05-07,00:50:45,libnice,0.1.3,4.el7
centos7-flask,2022-05-07,00:50:45,libstoragemgmt-python-clibs,1.8.1,2.el7_9
centos7-flask,2022-05-07,00:50:45,libsoup,2.62.2,2.el7
centos7-flask,2022-05-07,00:50:45,python-nss,0.16.0,3.el7
centos7-flask,2022-05-07,00:50:45,glusterfs-api,6.0,61.el7
centos7-flask,2022-05-07,00:50:45,perl-podlators,2.5.1,3.el7
centos7-flask,2022-05-07,00:50:45,fuse,2.9.2,11.el7
centos7-flask,2022-05-07,00:50:45,perl-Filter,1.49,3.el7
centos7-flask,2022-05-07,00:50:45,urw-base35-z003-fonts,20170801,10.el7
centos7-flask,2022-05-07,00:50:45,cups-libs,1.6.3,51.el7
centos7-flask,2022-05-07,00:50:45,libdrm,2.4.97,2.el7
centos7-flask,2022-05-07,00:50:45,libappstream-glib,0.7.8,2.el7
centos7-flask,2022-05-07,00:50:45,libsepol,2.5,10.el7
centos7-flask,2022-05-07,00:50:45,totem-pl-parser,3.26.1,1.el7
centos7-flask,2022-05-07,00:50:45,gzip,1.5,10.el7
centos7-flask,2022-05-07,00:50:45,autogen-libopts,5.18,5.el7
centos7-flask,2022-05-07,00:50:45,lohit-oriya-fonts,2.5.4.1,3.el7
centos7-flask,2022-05-07,00:50:45,keyutils,1.5.8,3.el7
centos7-flask,2022-05-07,00:50:45,libipa_hbac,1.16.5,10.el7_9.12
centos7-flask,2022-05-07,00:50:45,libdmx,1.1.3,3.el7
centos7-flask,2022-05-07,00:50:45,openssl-libs,1.0.2k,25.el7_9
centos7-flask,2022-05-07,00:50:45,opencc,0.4.3,3.el7
centos7-flask,2022-05-07,00:50:45,libreport-plugin-reportuploader,2.1.11,53.el7.centos
centos7-flask,2022-05-07,00:50:45,iwl135-firmware,18.168.6.1,80.el7_9
centos7-flask,2022-05-07,00:50:45,gavl,1.4.0,4.el7
centos7-flask,2022-05-07,00:50:45,gnome-packagekit-common,3.28.0,1.el7
centos7-flask,2022-05-07,00:50:45,iwl6000g2a-firmware,18.168.6.1,80.el7_9
centos7-flask,2022-05-07,00:50:45,ipset,7.1,1.el7
centos7-flask,2022-05-07,00:50:45,keybinder3,0.3.0,1.el7
centos7-flask,2022-05-07,00:50:45,fuse-libs,2.9.2,11.el7
centos7-flask,2022-05-07,00:50:45,xorg-x11-xauth,1.0.9,1.el7
centos7-flask,2022-05-07,00:50:45,vdo,6.1.3.23,5.el7
centos7-flask,2022-05-07,00:50:45,libglvnd-glx,1.0.1,0.8.git5baa1e5.el7
centos7-flask,2022-05-07,00:50:45,gvfs-smb,1.36.2,5.el7_9
centos7-flask,2022-05-07,00:50:45,smc-fonts-common,6.0,7.el7
centos7-flask,2022-05-07,00:50:45,libXrender,0.9.10,1.el7
centos7-flask,2022-05-07,00:50:45,json-glib,1.4.2,2.el7
centos7-flask,2022-05-07,00:50:45,libfontenc,1.1.3,3.el7
centos7-flask,2022-05-07,00:50:45,plymouth-scripts,0.8.9,0.34.20140113.el7.centos
centos7-flask,2022-05-07,00:50:45,libicu,50.2,4.el7_7
centos7-flask,2022-05-07,00:50:45,libgsf,1.14.26,7.el7
centos7-flask,2022-05-07,00:50:45,xorg-x11-drv-vmware,13.2.1,1.el7.1
centos7-flask,2022-05-07,00:50:45,sssd-common,1.16.5,10.el7_9.12
centos7-flask,2022-05-07,00:50:45,libgtop2,2.38.0,3.el7
centos7-flask,2022-05-07,00:50:45,btrfs-progs,4.9.1,1.el7
centos7-flask,2022-05-07,00:50:45,rhino,1.7R5,1.el7
centos7-flask,2022-05-07,00:50:45,tracker,1.10.5,8.el7
centos7-flask,2022-05-07,00:50:45,linux-firmware,20200421,80.git78c0348.el7_9
centos7-flask,2022-05-07,00:50:45,wvdial,1.61,9.el7
centos7-flask,2022-05-07,00:50:45,mesa-libglapi,18.3.4,12.el7_9
centos7-flask,2022-05-07,00:50:45,bolt,0.7,1.el7
centos7-flask,2022-05-07,00:50:45,glx-utils,8.3.0,10.el7
centos7-flask,2022-05-07,00:50:45,evolution-data-server,3.28.5,5.el7
centos7-flask,2022-05-07,00:50:45,PackageKit,1.1.10,2.el7.centos
centos7-flask,2022-05-07,00:50:45,dhcp-common,4.2.5,83.el7.centos.1
centos7-flask,2022-05-07,00:50:45,xorg-x11-drv-vmmouse,13.1.0,1.el7.1
centos7-flask,2022-05-07,00:50:45,wpa_supplicant,2.6,12.el7_9.2
centos7-flask,2022-05-07,00:50:45,libstdc++,4.8.5,44.el7
centos7-flask,2022-05-07,00:50:45,sos,3.9,5.el7.centos.10
centos7-flask,2022-05-07,00:50:45,ppp,2.4.5,34.el7_7
centos7-flask,2022-05-07,00:50:45,gnu-free-fonts-common,20120503,8.el7
centos7-flask,2022-05-07,00:50:45,sox,14.4.1,7.el7
centos7-flask,2022-05-07,00:50:45,seavgabios-bin,1.11.0,2.el7
centos7-flask,2022-05-07,00:50:45,python-perf,3.10.0,1160.62.1.el7
centos7-flask,2022-05-07,00:50:45,mpg123-libs,1.25.6,1.el7
centos7-flask,2022-05-07,00:50:45,thai-scalable-fonts-common,0.5.0,7.el7
centos7-flask,2022-05-07,00:50:45,python-pycurl,7.19.0,19.el7
centos7-flask,2022-05-07,00:50:45,festvox-slt-arctic-hts,0.20061229,28.el7
centos7-flask,2022-05-07,00:50:45,gnome-shell-extension-apps-menu,3.28.1,17.el7_9
centos7-flask,2022-05-07,00:50:45,tcpdump,4.9.2,4.el7_7.1
centos7-flask,2022-05-07,00:50:45,libxklavier,5.4,7.el7
centos7-flask,2022-05-07,00:50:45,traceroute,2.0.22,2.el7
centos7-flask,2022-05-07,00:50:45,cyrus-sasl-plain,2.1.26,24.el7_9
centos7-flask,2022-05-07,00:50:45,dyninst,9.3.1,3.el7
centos7-flask,2022-05-07,00:50:45,libblockdev-crypto,2.18,5.el7
centos7-flask,2022-05-07,00:50:45,libtheora,1.1.1,8.el7
centos7-flask,2022-05-07,00:50:45,attr,2.4.46,13.el7
centos7-flask,2022-05-07,00:50:45,mtr,0.85,7.el7
centos7-flask,2022-05-07,00:50:45,gtksourceview3,3.24.8,2.el7
centos7-flask,2022-05-07,00:50:45,libcanberra-gtk2,0.30,9.el7
centos7-flask,2022-05-07,00:50:45,libcanberra-gtk3,0.30,9.el7
centos7-flask,2022-05-07,00:50:45,autofs,5.0.7,116.el7_9
centos7-flask,2022-05-07,00:50:45,mtdev,1.1.5,5.el7
centos7-flask,2022-05-07,00:50:45,mailx,12.5,19.el7
centos7-flask,2022-05-07,00:50:45,telepathy-logger,0.8.0,5.el7
centos7-flask,2022-05-07,00:50:45,brasero,3.12.2,5.el7
centos7-flask,2022-05-07,00:50:45,libXvMC,1.0.10,1.el7
centos7-flask,2022-05-07,00:50:45,hpijs,3.15.9,5.el7
centos7-flask,2022-05-07,00:50:45,cheese-libs,3.28.0,1.el7
centos7-flask,2022-05-07,00:50:45,libXmu,1.1.2,2.el7
centos7-flask,2022-05-07,00:50:45,abrt-addon-python,2.1.11,60.el7.centos
centos7-flask,2022-05-07,00:50:45,smartmontools,7.0,2.el7
centos7-flask,2022-05-07,00:50:45,jasper-libs,1.900.1,33.el7
centos7-flask,2022-05-07,00:50:45,librbd1,10.2.5,4.el7
centos7-flask,2022-05-07,00:50:45,python-dns,1.12.0,4.20150617git465785f.el7
centos7-flask,2022-05-07,00:50:45,device-mapper-libs,1.02.170,6.el7_9.5
centos7-flask,2022-05-07,00:50:45,xorg-x11-xinit,1.3.4,2.el7
centos7-flask,2022-05-07,00:50:45,gnome-initial-setup,3.28.0,2.el7
centos7-flask,2022-05-07,00:50:45,libffi,3.0.13,19.el7
centos7-flask,2022-05-07,00:50:45,python-slip,0.4.0,4.el7
centos7-flask,2022-05-07,00:50:45,abrt-cli,2.1.11,60.el7.centos
centos7-flask,2022-05-07,00:50:45,NetworkManager-tui,1.18.8,2.el7_9
centos7-flask,2022-05-07,00:50:45,diffutils,3.3,5.el7
centos7-flask,2022-05-07,00:50:45,chrony,3.4,1.el7
centos7-flask,2022-05-07,00:50:45,libverto-tevent,0.2.5,4.el7
centos7-flask,2022-05-07,00:50:45,checkpolicy,2.5,8.el7
centos7-flask,2022-05-07,00:50:45,glibc,2.17,325.el7_9
centos7-flask,2022-05-07,00:50:45,mpfr,3.1.1,4.el7
centos7-flask,2022-05-07,00:50:45,telepathy-mission-control,5.16.3,3.el7
centos7-flask,2022-05-07,00:50:45,cyrus-sasl-md5,2.1.26,24.el7_9
centos7-flask,2022-05-07,00:50:45,wqy-zenhei-fonts,0.9.46,11.el7
centos7-flask,2022-05-07,00:50:45,iputils,20160308,10.el7
centos7-flask,2022-05-07,00:50:45,numactl-libs,2.0.12,5.el7
centos7-flask,2022-05-07,00:50:45,libvirt-daemon-driver-nwfilter,4.5.0,36.el7_9.5
centos7-flask,2022-05-07,00:50:45,paktype-naskh-basic-fonts,4.1,3.el7
centos7-flask,2022-05-07,00:50:45,tigervnc-server-minimal,1.8.0,22.el7
centos7-flask,2022-05-07,00:50:45,gpgme,1.3.2,5.el7
centos7-flask,2022-05-07,00:50:45,hypervvssd,0,0.34.20180415git.el7
centos7-flask,2022-05-07,00:50:45,centos-release,7,9.2009.1.el7.centos
centos7-flask,2022-05-07,00:50:45,libibverbs,22.4,6.el7_9
centos7-flask,2022-05-07,00:50:45,gnu-free-serif-fonts,20120503,8.el7
centos7-flask,2022-05-07,00:50:45,dleyna-core,0.5.0,1.el7
centos7-flask,2022-05-07,00:50:45,usb_modeswitch-data,20170806,1.el7
centos7-flask,2022-05-07,00:50:45,libgovirt,0.3.4,5.el7
centos7-flask,2022-05-07,00:50:45,libqmi-utils,1.18.0,2.el7
centos7-flask,2022-05-07,00:50:45,python-setuptools,0.9.8,7.el7
centos7-flask,2022-05-07,00:50:45,libmbim-utils,1.14.2,1.el7
centos7-flask,2022-05-07,00:50:45,psacct,6.6.1,13.el7
centos7-flask,2022-05-07,00:50:45,gnome-bluetooth-libs,3.28.2,1.el7
centos7-flask,2022-05-07,00:50:45,perl-File-Temp,0.23.01,3.el7
centos7-flask,2022-05-07,00:50:45,usbredir,0.7.1,3.el7
centos7-flask,2022-05-07,00:50:45,ghostscript,9.25,5.el7
centos7-flask,2022-05-07,00:50:45,iproute,4.11.0,30.el7
centos7-flask,2022-05-07,00:50:45,libva-devel,1.8.3,1.el7
centos7-flask,2022-05-07,00:50:45,cryptsetup-libs,2.0.3,6.el7
centos7-flask,2022-05-07,00:50:45,ipa-client-common,4.6.8,5.el7.centos.10
centos7-flask,2022-05-07,00:50:45,python-rtslib,2.1.74,1.el7_9
centos7-flask,2022-05-07,00:50:45,xorg-x11-drv-dummy,0.3.7,1.el7.1
centos7-flask,2022-05-07,00:50:45,ucs-miscfixed-fonts,0.3,11.el7
centos7-flask,2022-05-07,00:50:45,ibus-sayura,1.3.2,3.el7
centos7-flask,2022-05-07,00:50:45,bind-libs,9.11.4,26.P2.el7_9.9
centos7-flask,2022-05-07,00:50:45,pygobject2,2.28.6,11.el7
centos7-flask,2022-05-07,00:50:45,libinput,1.10.7,2.el7
centos7-flask,2022-05-07,00:50:45,libreport-cli,2.1.11,53.el7.centos
centos7-flask,2022-05-07,00:50:45,python-pyblock,0.53,6.el7
centos7-flask,2022-05-07,00:50:45,sil-abyssinica-fonts,1.200,6.el7
centos7-flask,2022-05-07,00:50:45,abrt-gui-libs,2.1.11,60.el7.centos
centos7-flask,2022-05-07,00:50:45,libosinfo,1.1.0,5.el7
centos7-flask,2022-05-07,00:50:45,sane-backends-libs,1.0.24,12.el7
centos7-flask,2022-05-07,00:50:45,gawk,4.0.2,4.el7_3.1
centos7-flask,2022-05-07,00:50:45,dmraid-events,1.0.0.rc16,28.el7
centos7-flask,2022-05-07,00:50:45,pcsc-lite-libs,1.8.8,8.el7
centos7-flask,2022-05-07,00:50:45,adwaita-gtk2-theme,3.28,2.el7
centos7-flask,2022-05-07,00:50:45,lohit-gujarati-fonts,2.5.3,2.el7
centos7-flask,2022-05-07,00:50:45,libbasicobjects,0.1.1,32.el7
centos7-flask,2022-05-07,00:50:45,baobab,3.28.0,2.el7
centos7-flask,2022-05-07,00:50:45,rdma-core,22.4,6.el7_9
centos7-flask,2022-05-07,00:50:45,vte291,0.52.4,1.el7
centos7-flask,2022-05-07,00:50:45,libgweather,3.28.2,4.el7_9
centos7-flask,2022-05-07,00:50:45,sssd-krb5,1.16.5,10.el7_9.12
centos7-flask,2022-05-07,00:50:45,yelp-xsl,3.28.0,1.el7
centos7-flask,2022-05-07,00:50:45,python2-blockdev,2.18,5.el7
centos7-flask,2022-05-07,00:50:45,libsmbclient,4.10.16,18.el7_9
centos7-flask,2022-05-07,00:50:45,pulseaudio-utils,10.0,6.el7_9
centos7-flask,2022-05-07,00:50:45,perl,5.16.3,299.el7_9
centos7-flask,2022-05-07,00:50:45,ibus-table-chinese,1.4.6,3.el7
centos7-flask,2022-05-07,00:50:45,man-pages-overrides,7.9.0,1.el7
centos7-flask,2022-05-07,00:50:45,krb5-workstation,1.15.1,51.el7_9
centos7-flask,2022-05-07,00:50:45,ntsysv,1.7.6,1.el7
centos7-flask,2022-05-07,00:50:45,dbus-python,1.1.1,9.el7
centos7-flask,2022-05-07,00:50:45,oddjob-mkhomedir,0.31.5,4.el7
centos7-flask,2022-05-07,00:50:45,xcb-util-renderutil,0.3.9,3.el7
centos7-flask,2022-05-07,00:50:45,libwinpr,2.1.1,5.el7_9
centos7-flask,2022-05-07,00:50:45,sssd-ad,1.16.5,10.el7_9.12
centos7-flask,2022-05-07,00:50:45,lohit-malayalam-fonts,2.5.3,2.el7
centos7-flask,2022-05-07,00:50:45,libpinyin,0.9.93,4.el7
centos7-flask,2022-05-07,00:50:45,freetype,2.8,14.el7_9.1
centos7-flask,2022-05-07,00:50:45,logrotate,3.8.6,19.el7
centos7-flask,2022-05-07,00:50:45,dejavu-sans-fonts,2.33,6.el7
centos7-flask,2022-05-07,00:50:45,gnome-classic-session,3.28.1,17.el7_9
centos7-flask,2022-05-07,00:50:45,scl-utils,20130529,19.el7
centos7-flask,2022-05-07,00:50:45,python-pycparser,2.14,1.el7
centos7-flask,2022-05-07,00:50:45,abrt-libs,2.1.11,60.el7.centos
centos7-flask,2022-05-07,00:50:45,liberation-mono-fonts,1.07.2,16.el7
centos7-flask,2022-05-07,00:50:45,xorg-x11-drv-void,1.4.1,2.el7.1
centos7-flask,2022-05-07,00:50:45,libgdither,0.6,8.el7
centos7-flask,2022-05-07,00:50:45,perl-constant,1.27,2.el7
centos7-flask,2022-05-07,00:50:45,urw-base35-bookman-fonts,20170801,10.el7
centos7-flask,2022-05-07,00:50:45,samba-common-libs,4.10.16,18.el7_9
centos7-flask,2022-05-07,00:50:45,python-configshell,1.1.26,1.el7
centos7-flask,2022-05-07,00:50:45,libreswan,3.25,9.1.el7_8
centos7-flask,2022-05-07,00:50:45,nautilus-sendto,3.8.6,1.el7
centos7-flask,2022-05-07,00:50:45,fwupdate-libs,12,6.el7.centos
centos7-flask,2022-05-07,00:50:45,libuser,0.60,9.el7
centos7-flask,2022-05-07,00:50:45,NetworkManager-libreswan,1.2.4,2.el7
centos7-flask,2022-05-07,00:50:45,libnotify,0.7.7,1.el7
centos7-flask,2022-05-07,00:50:45,abrt-retrace-client,2.1.11,60.el7.centos
centos7-flask,2022-05-07,00:50:45,festival-speechtools-libs,1.2.96,28.el7
centos7-flask,2022-05-07,00:50:45,nfs4-acl-tools,0.3.3,21.el7
centos7-flask,2022-05-07,00:50:45,boost-date-time,1.53.0,28.el7
centos7-flask,2022-05-07,00:50:45,util-linux,2.23.2,65.el7_9.1
centos7-flask,2022-05-07,00:50:45,python2-subprocess32,3.2.6,14.el7
centos7-flask,2022-05-07,00:50:45,libglade2,2.6.4,11.el7
centos7-flask,2022-05-07,00:50:45,satyr,0.13,15.el7
centos7-flask,2022-05-07,00:50:45,pixman,0.34.0,1.el7
centos7-flask,2022-05-07,00:50:45,gnome-font-viewer,3.28.0,1.el7
centos7-flask,2022-05-07,00:50:45,gtk2-immodule-xim,2.24.31,1.el7
centos7-flask,2022-05-07,00:50:45,python2-pyasn1,0.1.9,7.el7
centos7-flask,2022-05-07,00:50:45,python-ethtool,0.8,8.el7
centos7-flask,2022-05-07,00:50:45,systemd-python,219,78.el7_9.5
centos7-flask,2022-05-07,00:50:45,xorg-x11-drv-vesa,2.4.0,3.el7
centos7-flask,2022-05-07,00:50:45,libbluray,0.2.3,6.el7
centos7-flask,2022-05-07,00:50:45,initial-setup-gui,0.3.9.45,1.el7.centos
centos7-flask,2022-05-07,00:50:45,brltty,4.5,16.el7
centos7-flask,2022-05-07,00:50:45,system-config-printer,1.4.1,23.el7
centos7-flask,2022-05-07,00:50:45,psmisc,22.20,17.el7
centos7-flask,2022-05-07,00:50:45,net-snmp-libs,5.7.2,49.el7_9.2
centos7-flask,2022-05-07,00:50:45,libsss_certmap,1.16.5,10.el7_9.12
centos7-flask,2022-05-07,00:50:45,cairo,1.15.12,4.el7
centos7-flask,2022-05-07,00:50:45,libgcc,4.8.5,44.el7
centos7-flask,2022-05-07,00:50:45,gnome-icon-theme-symbolic,3.12.0,2.el7
centos7-flask,2022-05-07,00:50:45,poppler,0.26.5,43.el7.1
centos7-flask,2022-05-07,00:50:45,lohit-kannada-fonts,2.5.3,3.el7
centos7-flask,2022-05-07,00:50:45,fftw-libs-double,3.3.3,8.el7
centos7-flask,2022-05-07,00:50:45,avahi-gobject,0.6.31,20.el7
centos7-flask,2022-05-07,00:50:45,gnome-dictionary,3.26.1,2.el7
centos7-flask,2022-05-07,00:50:45,ModemManager,1.6.10,4.el7
centos7-flask,2022-05-07,00:50:45,abrt-gui,2.1.11,60.el7.centos
centos7-flask,2022-05-07,00:50:45,ibus-m17n,1.3.4,13.el7
centos7-flask,2022-05-07,00:50:45,qemu-img,1.5.3,175.el7_9.5
centos7-flask,2022-05-07,00:50:45,hyperv-daemons-license,0,0.34.20180415git.el7
centos7-flask,2022-05-07,00:50:45,qt5-qtbase-gui,5.9.7,5.el7_9
centos7-flask,2022-05-07,00:50:45,pyliblzma,0.5.3,11.el7
centos7-flask,2022-05-07,00:50:45,orc,0.4.26,1.el7
centos7-flask,2022-05-07,00:50:45,libuuid,2.23.2,65.el7_9.1
centos7-flask,2022-05-07,00:50:45,libarchive,3.1.2,14.el7_7
centos7-flask,2022-05-07,00:50:45,yum,3.4.3,168.el7.centos
centos7-flask,2022-05-07,00:50:45,ibus-gtk2,1.5.17,12.el7_9
centos7-flask,2022-05-07,00:50:45,cryptsetup,2.0.3,6.el7
centos7-flask,2022-05-07,00:50:45,udisks2,2.8.4,1.el7
centos7-flask,2022-05-07,00:50:45,paps-libs,0.6.8,28.el7.1
centos7-flask,2022-05-07,00:50:45,tcp_wrappers,7.6,77.el7
centos7-flask,2022-05-07,00:50:45,xz,5.2.2,1.el7
centos7-flask,2022-05-07,00:50:45,libXcomposite,0.4.4,4.1.el7
centos7-flask,2022-05-07,00:50:45,cryptsetup-python,2.0.3,6.el7
centos7-flask,2022-05-07,00:50:45,mtools,4.0.18,5.el7
centos7-flask,2022-05-07,00:50:45,pygtk2,2.24.0,9.el7
centos7-flask,2022-05-07,00:50:45,python-urwid,1.1.1,3.el7
centos7-flask,2022-05-07,00:50:45,vim-minimal,7.4.629,8.el7_9
centos7-flask,2022-05-07,00:50:45,harfbuzz-icu,1.7.5,2.el7
centos7-flask,2022-05-07,00:50:45,thai-scalable-waree-fonts,0.5.0,7.el7
centos7-flask,2022-05-07,00:50:45,opus,1.0.2,6.el7
centos7-flask,2022-05-07,00:50:45,libplist,1.12,3.el7
centos7-flask,2022-05-07,00:50:45,gstreamer-tools,0.10.36,7.el7
centos7-flask,2022-05-07,00:50:45,xdg-user-dirs,0.15,5.el7
centos7-flask,2022-05-07,00:50:45,microcode_ctl,2.1,73.13.el7_9
centos7-flask,2022-05-07,00:50:45,glusterfs-libs,6.0,61.el7
centos7-flask,2022-05-07,00:50:45,libselinux-python,2.5,15.el7
centos7-flask,2022-05-07,00:50:45,spice-server,0.14.0,9.el7_9.1
centos7-flask,2022-05-07,00:50:45,gdk-pixbuf2,2.36.12,3.el7
centos7-flask,2022-05-07,00:50:45,gupnp,1.0.2,6.el7_9
centos7-flask,2022-05-07,00:50:45,libreport,2.1.11,53.el7.centos
centos7-flask,2022-05-07,00:50:45,libevent,2.0.21,4.el7
centos7-flask,2022-05-07,00:50:45,pm-utils,1.4.1,27.el7
centos7-flask,2022-05-07,00:50:45,fribidi,1.0.2,1.el7_7.1
centos7-flask,2022-05-07,00:50:45,python-gobject,3.22.0,1.el7_4.1
centos7-flask,2022-05-07,00:50:45,hicolor-icon-theme,0.12,7.el7
centos7-flask,2022-05-07,00:50:45,control-center,3.28.1,8.el7_9
centos7-flask,2022-05-07,00:50:45,libreport-python,2.1.11,53.el7.centos
centos7-flask,2022-05-07,00:50:45,perl-Pod-Simple,3.28,4.el7
centos7-flask,2022-05-07,00:50:45,libblockdev,2.18,5.el7
centos7-flask,2022-05-07,00:50:45,librdmacm,22.4,6.el7_9
centos7-flask,2022-05-07,00:50:45,dconf,0.28.0,4.el7
centos7-flask,2022-05-07,00:50:45,xz-libs,5.2.2,1.el7
centos7-flask,2022-05-07,00:50:45,dbus-glib,0.100,7.el7
centos7-flask,2022-05-07,00:50:45,PackageKit-gtk3-module,1.1.10,2.el7.centos
centos7-flask,2022-05-07,00:50:45,crontabs,1.11,6.20121102git.el7
centos7-flask,2022-05-07,00:50:45,gnome-video-effects,0.4.3,1.el7
centos7-flask,2022-05-07,00:50:45,dracut-network,033,572.el7
centos7-flask,2022-05-07,00:50:45,python-gobject-base,3.22.0,1.el7_4.1
centos7-flask,2022-05-07,00:50:45,libdvdnav,5.0.3,1.el7
centos7-flask,2022-05-07,00:50:45,libcap,2.22,11.el7
centos7-flask,2022-05-07,00:50:45,libwbclient,4.10.16,18.el7_9
centos7-flask,2022-05-07,00:50:45,libvirt-daemon-driver-storage-gluster,4.5.0,36.el7_9.5
centos7-flask,2022-05-07,00:50:45,numad,0.5,18.20150602git.el7
centos7-flask,2022-05-07,00:50:45,libthai,0.1.14,9.el7
centos7-flask,2022-05-07,00:50:45,gnome-session,3.28.1,8.el7
centos7-flask,2022-05-07,00:50:45,ibus-chewing,1.4.4,14.el7
centos7-flask,2022-05-07,00:50:45,nss-tools,3.67.0,4.el7_9
centos7-flask,2022-05-07,00:50:45,adcli,0.8.1,16.el7_9.1
centos7-flask,2022-05-07,00:50:45,libtirpc,0.2.4,0.16.el7
centos7-flask,2022-05-07,00:50:45,libsmartcols,2.23.2,65.el7_9.1
centos7-flask,2022-05-07,00:50:45,gsound,1.0.2,2.el7
centos7-flask,2022-05-07,00:50:45,perl-Pod-Perldoc,3.20,4.el7
centos7-flask,2022-05-07,00:50:45,python-ldap,2.4.15,2.el7
centos7-flask,2022-05-07,00:50:45,iwl2000-firmware,18.168.6.1,80.el7_9
centos7-flask,2022-05-07,00:50:45,os-prober,1.58,9.el7
centos7-flask,2022-05-07,00:50:45,ibus-setup,1.5.17,12.el7_9
centos7-flask,2022-05-07,00:50:45,ethtool,4.8,10.el7
centos7-flask,2022-05-07,00:50:45,grub2-pc,2.02,0.87.el7.centos.7
centos7-flask,2022-05-07,00:50:45,vorbis-tools,1.4.0,13.el7
centos7-flask,2022-05-07,00:50:45,libfprint,0.8.2,1.el7
centos7-flask,2022-05-07,00:50:45,systemd-libs,219,78.el7_9.5
centos7-flask,2022-05-07,00:50:45,cpio,2.11,28.el7
centos7-flask,2022-05-07,00:50:45,gnome-shell-extension-launch-new-instance,3.28.1,17.el7_9
centos7-flask,2022-05-07,00:50:45,libburn,1.2.8,4.el7
centos7-flask,2022-05-07,00:50:45,imsettings,1.6.3,11.el7
centos7-flask,2022-05-07,00:50:45,urw-base35-nimbus-mono-ps-fonts,20170801,10.el7
centos7-flask,2022-05-07,00:50:45,krb5-libs,1.15.1,51.el7_9
centos7-flask,2022-05-07,00:50:45,gnome-online-accounts,3.28.2,1.el7
centos7-flask,2022-05-07,00:50:45,net-tools,2.0,0.25.20131004git.el7
centos7-flask,2022-05-07,00:50:45,yum-langpacks,0.4.2,7.el7
centos7-flask,2022-05-07,00:50:45,farstream,0.1.2,8.el7
centos7-flask,2022-05-07,00:50:45,perl-HTTP-Tiny,0.033,3.el7
centos7-flask,2022-05-07,00:50:45,xvattr,1.3,27.el7
centos7-flask,2022-05-07,00:50:45,firewalld,0.6.3,13.el7_9
centos7-flask,2022-05-07,00:50:45,libpciaccess,0.14,1.el7
centos7-flask,2022-05-07,00:50:45,libsss_autofs,1.16.5,10.el7_9.12
centos7-flask,2022-05-07,00:50:45,kmod,20,28.el7
centos7-flask,2022-05-07,00:50:45,redhat-menus,12.0.2,8.el7
centos7-flask,2022-05-07,00:50:45,geoipupdate,2.5.0,1.el7
centos7-flask,2022-05-07,00:50:45,plymouth,0.8.9,0.34.20140113.el7.centos
centos7-flask,2022-05-07,00:50:45,libgs,9.25,5.el7
centos7-flask,2022-05-07,00:50:45,gnome-weather,3.26.0,1.el7
centos7-flask,2022-05-07,00:50:45,sssd-client,1.16.5,10.el7_9.12
centos7-flask,2022-05-07,00:50:45,libgxps,0.3.0,4.el7
centos7-flask,2022-05-07,00:50:45,gnome-bluetooth,3.28.2,1.el7
centos7-flask,2022-05-07,00:50:45,setroubleshoot-plugins,3.0.67,4.el7
centos7-flask,2022-05-07,00:50:45,highcontrast-qt5,0.1,2.el7
centos7-flask,2022-05-07,00:50:45,libxkbcommon,0.7.1,3.el7
centos7-flask,2022-05-07,00:50:45,llvm-private,7.0.1,1.el7
centos7-flask,2022-05-07,00:50:45,device-mapper-multipath-libs,0.4.9,135.el7_9
centos7-flask,2022-05-07,00:50:45,yajl,2.0.4,4.el7
centos7-flask,2022-05-07,00:50:45,lockdev,1.0.4,0.13.20111007git.el7
centos7-flask,2022-05-07,00:50:45,cups-filters-libs,1.0.35,28.el7
centos7-flask,2022-05-07,00:50:45,poppler-utils,0.26.5,43.el7.1
centos7-flask,2022-05-07,00:50:45,python-slip-dbus,0.4.0,4.el7
centos7-flask,2022-05-07,00:50:45,biosdevname,0.7.3,2.el7
centos7-flask,2022-05-07,00:50:45,telepathy-filesystem,0.0.2,6.el7
centos7-flask,2022-05-07,00:50:45,gnome-terminal-nautilus,3.28.2,3.el7
centos7-flask,2022-05-07,00:50:45,xorg-x11-server-utils,7.7,20.el7
centos7-flask,2022-05-07,00:50:45,gnupg2,2.0.22,5.el7_5
centos7-flask,2022-05-07,00:50:45,marisa,0.2.4,4.el7
centos7-flask,2022-05-07,00:50:45,evince-libs,3.28.2,10.el7
centos7-flask,2022-05-07,00:50:45,python-inotify,0.9.4,4.el7
centos7-flask,2022-05-07,00:50:45,abrt-addon-pstoreoops,2.1.11,60.el7.centos
centos7-flask,2022-05-07,00:50:45,gnome-keyring,3.28.2,1.el7
centos7-flask,2022-05-07,00:50:45,libSM,1.2.2,2.el7
centos7-flask,2022-05-07,00:50:45,xfsdump,3.1.7,1.el7
centos7-flask,2022-05-07,00:50:45,nm-connection-editor,1.8.6,2.el7
centos7-flask,2022-05-07,00:50:45,libudisks2,2.8.4,1.el7
centos7-flask,2022-05-07,00:50:45,gstreamer1-plugins-bad-free,1.10.4,3.el7
centos7-flask,2022-05-07,00:50:45,NetworkManager-libreswan-gnome,1.2.4,2.el7
centos7-flask,2022-05-07,00:50:45,clutter,1.26.2,2.el7
centos7-flask,2022-05-07,00:50:45,zenity,3.28.1,1.el7
centos7-flask,2022-05-07,00:50:45,chkconfig,1.7.6,1.el7
centos7-flask,2022-05-07,00:50:45,libgnome-keyring,3.12.0,1.el7
centos7-flask,2022-05-07,00:50:45,hostname,3.13,3.el7_7.1
centos7-flask,2022-05-07,00:50:45,iscsi-initiator-utils,6.2.0.874,22.el7_9
centos7-flask,2022-05-07,00:50:45,librados2,10.2.5,4.el7
centos7-flask,2022-05-07,00:50:45,libvirt-daemon-driver-storage-mpath,4.5.0,36.el7_9.5
centos7-flask,2022-05-07,00:50:45,pam,1.1.8,23.el7
centos7-flask,2022-05-07,00:50:45,python-deltarpm,3.6,3.el7
centos7-flask,2022-05-07,00:50:45,openldap,2.4.44,25.el7_9
centos7-flask,2022-05-07,00:50:45,libXxf86misc,1.0.3,7.1.el7
centos7-flask,2022-05-07,00:50:45,iwl6000-firmware,9.221.4.1,80.el7_9
centos7-flask,2022-05-07,00:50:45,evince-nautilus,3.28.2,10.el7
centos7-flask,2022-05-07,00:50:45,iso-codes,3.46,2.el7
centos7-flask,2022-05-07,00:50:45,NetworkManager-team,1.18.8,2.el7_9
centos7-flask,2022-05-07,00:50:45,speex,1.2,0.19.rc1.el7
centos7-flask,2022-05-07,00:50:45,gnome-user-docs,3.28.2,1.el7
centos7-flask,2022-05-07,00:50:45,neon,0.30.0,4.el7
centos7-flask,2022-05-07,00:50:45,rest,0.8.1,2.el7
centos7-flask,2022-05-07,00:50:45,gdb,7.6.1,120.el7
centos7-flask,2022-05-07,00:50:45,libsamplerate,0.1.8,6.el7
centos7-flask,2022-05-07,00:50:45,gdm,3.28.2,26.el7
centos7-flask,2022-05-07,00:50:45,boost-iostreams,1.53.0,28.el7
centos7-flask,2022-05-07,00:50:45,geocode-glib,3.26.0,3.el7
centos7-flask,2022-05-07,00:50:45,pakchois,0.4,10.el7
centos7-flask,2022-05-07,00:50:45,libgee06,0.6.8,3.el7
centos7-flask,2022-05-07,00:50:45,systemtap-runtime,4.0,13.el7
centos7-flask,2022-05-07,00:50:45,libusbmuxd,1.0.10,5.el7
centos7-flask,2022-05-07,00:50:45,gnome-packagekit-installer,3.28.0,1.el7
centos7-flask,2022-05-07,00:50:45,libXau-devel,1.0.8,2.1.el7
centos7-flask,2022-05-07,00:50:45,gperftools-libs,2.6.1,1.el7
centos7-flask,2022-05-07,00:50:45,libimobiledevice,1.2.0,1.el7
centos7-flask,2022-05-07,00:50:45,lzop,1.03,10.el7
centos7-flask,2022-05-07,00:50:45,libreport-rhel-anaconda-bugzilla,2.1.11,53.el7.centos
centos7-flask,2022-05-07,00:50:45,NetworkManager-wwan,1.18.8,2.el7_9
centos7-flask,2022-05-07,00:50:45,polkit-pkla-compat,0.1,4.el7
centos7-flask,2022-05-07,00:50:45,libmtp,1.1.14,1.el7
centos7-flask,2022-05-07,00:50:45,cyrus-sasl-lib,2.1.26,24.el7_9
centos7-flask,2022-05-07,00:50:45,python-netaddr,0.7.5,9.el7
centos7-flask,2022-05-07,00:50:45,nspr,4.32.0,1.el7_9
centos7-flask,2022-05-07,00:50:45,gjs,1.52.5,1.el7_6
centos7-flask,2022-05-07,00:50:45,gnome-settings-daemon,3.28.1,11.el7_9
centos7-flask,2022-05-07,00:50:45,dnsmasq,2.76,17.el7_9.3
centos7-flask,2022-05-07,00:50:45,geoclue2-libs,2.4.8,1.el7
centos7-flask,2022-05-07,00:50:45,systemd-sysv,219,78.el7_9.5
centos7-flask,2022-05-07,00:50:45,man-pages,3.53,5.el7
centos7-flask,2022-05-07,00:50:45,libXfixes,5.0.3,1.el7
centos7-flask,2022-05-07,00:50:45,libkkc-data,0.3.1,9.el7
centos7-flask,2022-05-07,00:50:45,libblkid,2.23.2,65.el7_9.1
centos7-flask,2022-05-07,00:50:45,libcdio,0.92,3.el7
centos7-flask,2022-05-07,00:50:45,libsss_sudo,1.16.5,10.el7_9.12
centos7-flask,2022-05-07,00:50:45,cgdcbxd,1.0.2,7.el7
centos7-flask,2022-05-07,00:50:45,rsync,3.1.2,10.el7
centos7-flask,2022-05-07,00:50:45,gnome-software,3.28.2,3.el7
centos7-flask,2022-05-07,00:50:45,webkitgtk4-jsc,2.28.2,3.el7
centos7-flask,2022-05-07,00:50:45,soundtouch,1.4.0,9.el7
centos7-flask,2022-05-07,00:50:45,xorg-x11-drv-evdev,2.10.6,1.el7
centos7-flask,2022-05-07,00:50:45,libpeas-gtk,1.22.0,1.el7
centos7-flask,2022-05-07,00:50:45,libXinerama,1.1.3,2.1.el7
centos7-flask,2022-05-07,00:50:45,libteam,1.29,3.el7
centos7-flask,2022-05-07,00:50:45,vim-enhanced,7.4.629,8.el7_9
centos7-flask,2022-05-07,00:50:45,ipa-common,4.6.8,5.el7.centos.10
centos7-flask,2022-05-07,00:50:45,seabios-bin,1.11.0,2.el7
centos7-flask,2022-05-07,00:50:45,elfutils-libs,0.176,5.el7
centos7-flask,2022-05-07,00:50:45,python-cups,1.9.63,6.el7
centos7-flask,2022-05-07,00:50:45,acl,2.2.51,15.el7
centos7-flask,2022-05-07,00:50:45,cyrus-sasl-scram,2.1.26,24.el7_9
centos7-flask,2022-05-07,00:50:45,libogg,1.3.0,7.el7
centos7-flask,2022-05-07,00:50:45,libkadm5,1.15.1,51.el7_9
centos7-flask,2022-05-07,00:50:45,gupnp-igd,0.2.5,2.el7
centos7-flask,2022-05-07,00:50:45,lohit-bengali-fonts,2.5.3,4.el7
centos7-flask,2022-05-07,00:50:45,gstreamer-plugins-base,0.10.36,10.el7
centos7-flask,2022-05-07,00:50:45,libgee,0.20.1,1.el7
centos7-flask,2022-05-07,00:50:45,libXxf86vm,1.1.4,1.el7
centos7-flask,2022-05-07,00:50:45,mesa-libEGL,18.3.4,12.el7_9
centos7-flask,2022-05-07,00:50:45,bpftool,3.10.0,1160.62.1.el7
centos7-flask,2022-05-07,00:50:45,vte-profile,0.52.4,1.el7
centos7-flask,2022-05-07,00:50:45,libpinyin-data,0.9.93,4.el7
centos7-flask,2022-05-07,00:50:45,perl-Storable,2.45,3.el7
centos7-flask,2022-05-07,00:50:45,setools-libs,3.3.8,4.el7
centos7-flask,2022-05-07,00:50:45,libreport-anaconda,2.1.11,53.el7.centos
centos7-flask,2022-05-07,00:50:45,libshout,2.2.2,11.el7
centos7-flask,2022-05-07,00:50:45,libvirt-daemon-driver-storage-rbd,4.5.0,36.el7_9.5
centos7-flask,2022-05-07,00:50:45,libnfsidmap,0.25,19.el7
centos7-flask,2022-05-07,00:50:45,nss-util,3.67.0,1.el7_9
centos7-flask,2022-05-07,00:50:45,python-di,0.3,2.el7
centos7-flask,2022-05-07,00:50:45,libsemanage,2.5,14.el7
centos7-flask,2022-05-07,00:50:45,cracklib,2.9.0,11.el7
centos7-flask,2022-05-07,00:50:45,mozjs52,52.9.0,1.el7
centos7-flask,2022-05-07,00:50:45,libxcb-devel,1.13,1.el7
centos7-flask,2022-05-07,00:50:45,at,3.1.13,24.el7
centos7-flask,2022-05-07,00:50:45,gtk3-immodule-xim,3.22.30,8.el7_9
centos7-flask,2022-05-07,00:50:45,samba-common,4.10.16,18.el7_9
centos7-flask,2022-05-07,00:50:45,python-six,1.9.0,2.el7
centos7-flask,2022-05-07,00:50:45,libblockdev-fs,2.18,5.el7
centos7-flask,2022-05-07,00:50:45,java-1.8.0-openjdk-headless,1.8.0.322.b06,1.el7_9
centos7-flask,2022-05-07,00:50:45,libblockdev-nvdimm,2.18,5.el7
centos7-flask,2022-05-07,00:50:45,libnma,1.8.6,2.el7
centos7-flask,2022-05-07,00:50:45,gettext,0.19.8.1,3.el7
centos7-flask,2022-05-07,00:50:45,festival-freebsoft-utils,0.10,7.el7
centos7-flask,2022-05-07,00:50:45,espeak,1.47.11,4.el7
centos7-flask,2022-05-07,00:50:45,libvirt-gobject,1.0.0,1.el7
centos7-flask,2022-05-07,00:50:45,time,1.7,45.el7
centos7-flask,2022-05-07,00:50:45,libutempter,1.1.6,4.el7
centos7-flask,2022-05-07,00:50:45,java-1.8.0-openjdk,1.8.0.322.b06,1.el7_9
centos7-flask,2022-05-07,00:50:45,libref_array,0.1.5,32.el7
centos7-flask,2022-05-07,00:50:45,libvirt-daemon-kvm,4.5.0,36.el7_9.5
centos7-flask,2022-05-07,00:50:45,usbutils,007,5.el7
centos7-flask,2022-05-07,00:50:45,e2fsprogs,1.42.9,19.el7
centos7-flask,2022-05-07,00:50:45,libcdio-paranoia,10.2+0.90,11.el7
centos7-flask,2022-05-07,00:50:45,grub2-tools-minimal,2.02,0.87.el7.centos.7
centos7-flask,2022-05-07,00:50:45,libwayland-server,1.15.0,1.el7
centos7-flask,2022-05-07,00:50:45,pth,2.0.7,23.el7
centos7-flask,2022-05-07,00:50:45,kbd-misc,1.15.5,16.el7_9
centos7-flask,2022-05-07,00:50:45,perl-parent,0.225,244.el7
centos7-flask,2022-05-07,00:50:45,gdbm,1.10,8.el7
centos7-flask,2022-05-07,00:50:45,libpurple,2.10.11,9.el7
centos7-flask,2022-05-07,00:50:45,osinfo-db-tools,1.1.0,1.el7
centos7-flask,2022-05-07,00:50:45,libsndfile,1.0.25,12.el7_9.1
centos7-flask,2022-05-07,00:50:45,sil-nuosu-fonts,2.1.1,5.el7
centos7-flask,2022-05-07,00:50:45,grub2,2.02,0.87.el7.centos.7
centos7-flask,2022-05-07,00:50:45,khmeros-base-fonts,5.0,17.el7
centos7-flask,2022-05-07,00:50:45,bzip2-libs,1.0.6,13.el7
centos7-flask,2022-05-07,00:50:45,ca-certificates,2021.2.50,72.el7_9
centos7-flask,2022-05-07,00:50:45,gnutls,3.3.29,9.el7_6
centos7-flask,2022-05-07,00:50:45,ipxe-roms-qemu,20180825,3.git133f4c.el7
centos7-flask,2022-05-07,00:50:45,device-mapper-persistent-data,0.8.5,3.el7_9.2
centos7-flask,2022-05-07,00:50:45,libwacom-data,0.30,1.el7
centos7-flask,2022-05-07,00:50:45,urw-base35-fonts-common,20170801,10.el7
centos7-flask,2022-05-07,00:50:45,libselinux-utils,2.5,15.el7
centos7-flask,2022-05-07,00:50:45,perl-Scalar-List-Utils,1.27,248.el7
centos7-flask,2022-05-07,00:50:45,abattis-cantarell-fonts,0.0.25,1.el7
centos7-flask,2022-05-07,00:50:45,dosfstools,3.0.20,10.el7
centos7-flask,2022-05-07,00:50:45,rng-tools,6.3.1,5.el7
centos7-flask,2022-05-07,00:50:45,python-firewall,0.6.3,13.el7_9
centos7-flask,2022-05-07,00:50:45,gnome-abrt,0.3.4,9.el7
centos7-flask,2022-05-07,00:50:45,libspectre,0.2.8,1.el7
centos7-flask,2022-05-07,00:50:45,icedax,1.1.11,25.el7
centos7-flask,2022-05-07,00:50:45,keyutils-libs,1.5.8,3.el7
centos7-flask,2022-05-07,00:50:45,libproxy,0.4.11,11.el7
centos7-flask,2022-05-07,00:50:45,gnome-screenshot,3.26.0,1.el7
centos7-flask,2022-05-07,00:50:45,libtimezonemap,0.4.4,1.el7
centos7-flask,2022-05-07,00:50:45,glusterfs-fuse,6.0,61.el7
centos7-flask,2022-05-07,00:50:45,aic94xx-firmware,30,6.el7
centos7-flask,2022-05-07,00:50:45,anaconda-core,21.48.22.159,1.el7.centos
centos7-flask,2022-05-07,00:50:45,sil-padauk-fonts,2.8,5.el7
centos7-flask,2022-05-07,00:50:45,libatasmart,0.19,6.el7
centos7-flask,2022-05-07,00:50:45,mlocate,0.26,8.el7
centos7-flask,2022-05-07,00:50:45,xorg-x11-fonts-Type1,7.5,9.el7
centos7-flask,2022-05-07,00:50:45,file-libs,5.11,37.el7
centos7-flask,2022-05-07,00:50:45,grub2-tools,2.02,0.87.el7.centos.7
centos7-flask,2022-05-07,00:50:45,avahi-glib,0.6.31,20.el7
centos7-flask,2022-05-07,00:50:45,mokutil,15,8.el7
centos7-flask,2022-05-07,00:50:45,libblockdev-swap,2.18,5.el7
centos7-flask,2022-05-07,00:50:45,libnetfilter_conntrack,1.0.6,1.el7_3
centos7-flask,2022-05-07,00:50:45,tzdata,2022a,1.el7
centos7-flask,2022-05-07,00:50:45,frei0r-plugins,1.3,13.el7
centos7-flask,2022-05-07,00:50:45,iwl3160-firmware,25.30.13.0,80.el7_9
centos7-flask,2022-05-07,00:50:45,fprintd-pam,0.8.1,2.el7
centos7-flask,2022-05-07,00:50:45,libusbx,1.0.21,1.el7
centos7-flask,2022-05-07,00:50:45,qrencode-libs,3.4.1,3.el7
centos7-flask,2022-05-07,00:50:45,libICE,1.0.9,9.el7
centos7-flask,2022-05-07,00:50:45,yum-plugin-fastestmirror,1.1.31,54.el7_8
centos7-flask,2022-05-07,00:50:45,grilo,0.3.6,1.el7
centos7-flask,2022-05-07,00:50:45,upower,0.99.7,1.el7
centos7-flask,2022-05-07,00:50:45,PackageKit-yum,1.1.10,2.el7.centos
centos7-flask,2022-05-07,00:50:45,nautilus,3.26.3.1,7.el7
centos7-flask,2022-05-07,00:50:45,xcb-util-wm,0.4.1,5.el7
centos7-flask,2022-05-07,00:50:45,qemu-kvm,1.5.3,175.el7_9.5
centos7-flask,2022-05-07,00:50:45,gnome-system-log,3.9.90,3.el7
centos7-flask,2022-05-07,00:50:45,urw-base35-standard-symbols-ps-fonts,20170801,10.el7
centos7-flask,2022-05-07,00:50:45,bind-license,9.11.4,26.P2.el7_9.9
centos7-flask,2022-05-07,00:50:45,cups-filesystem,1.6.3,51.el7
centos7-flask,2022-05-07,00:50:45,alsa-lib,1.1.8,1.el7
centos7-flask,2022-05-07,00:50:45,libwnck3,3.24.1,2.el7
centos7-flask,2022-05-07,00:50:45,targetcli,2.1.53,1.el7_9
centos7-flask,2022-05-07,00:50:45,PyYAML,3.10,11.el7
centos7-flask,2022-05-07,00:50:45,libvirt-daemon-driver-storage-disk,4.5.0,36.el7_9.5
centos7-flask,2022-05-07,00:50:45,brasero-libs,3.12.2,5.el7
centos7-flask,2022-05-07,00:50:45,centos-logos,70.0.6,3.el7.centos
centos7-flask,2022-05-07,00:50:45,mesa-dri-drivers,18.3.4,12.el7_9
centos7-flask,2022-05-07,00:50:45,yum-utils,1.1.31,54.el7_8
centos7-flask,2022-05-07,00:50:45,sgpio,1.2.0.10,13.el7
centos7-flask,2022-05-07,00:50:45,evolution-data-server-langpacks,3.28.5,5.el7
centos7-flask,2022-05-07,00:50:45,gtk3,3.22.30,8.el7_9
centos7-flask,2022-05-07,00:50:45,ipa-client,4.6.8,5.el7.centos.10
centos7-flask,2022-05-07,00:50:45,postfix,2.10.1,9.el7
centos7-flask,2022-05-07,00:50:45,libgnomekbd,3.26.0,3.el7
centos7-flask,2022-05-07,00:50:45,ibus-rawcode,1.3.2,3.el7
centos7-flask,2022-05-07,00:50:45,pciutils,3.5.1,3.el7
centos7-flask,2022-05-07,00:50:45,madan-fonts,2.000,11.el7
centos7-flask,2022-05-07,00:50:45,libini_config,1.3.1,32.el7
centos7-flask,2022-05-07,00:50:45,openssh-clients,7.4p1,22.el7_9
centos7-flask,2022-05-07,00:50:45,mesa-libxatracker,18.3.4,12.el7_9
centos7-flask,2022-05-07,00:50:45,libX11,1.6.7,4.el7_9
centos7-flask,2022-05-07,00:50:45,celt051,0.5.1.3,8.el7
centos7-flask,2022-05-07,00:50:45,adwaita-cursor-theme,3.28.0,1.el7
centos7-flask,2022-05-07,00:50:45,gvfs-mtp,1.36.2,5.el7_9
centos7-flask,2022-05-07,00:50:45,m17n-db,1.6.4,4.el7
centos7-flask,2022-05-07,00:50:45,systemd,219,78.el7_9.5
centos7-flask,2022-05-07,00:50:45,selinux-policy,3.13.1,268.el7_9.2
centos7-flask,2022-05-07,00:50:45,anaconda-tui,21.48.22.159,1.el7.centos
centos7-flask,2022-05-07,00:50:45,dracut-config-rescue,033,572.el7
centos7-flask,2022-05-07,00:50:45,libnl3,3.2.28,4.el7
centos7-flask,2022-05-07,00:50:45,langtable-data,0.0.31,4.el7
centos7-flask,2022-05-07,00:50:45,compat-gnome-desktop314,3.14.2,1.el7
centos7-flask,2022-05-07,00:50:45,sssd,1.16.5,10.el7_9.12
centos7-flask,2022-05-07,00:50:45,iwl6050-firmware,41.28.5.1,80.el7_9
centos7-flask,2022-05-07,00:50:45,libidn,1.28,4.el7
centos7-flask,2022-05-07,00:50:45,blktrace,1.0.5,9.el7
centos7-flask,2022-05-07,00:50:45,perl-Text-ParseWords,3.29,4.el7
centos7-flask,2022-05-07,00:50:45,grubby,8.28,26.el7
centos7-flask,2022-05-07,00:50:45,harfbuzz,1.7.5,2.el7
centos7-flask,2022-05-07,00:50:45,openjpeg-libs,1.5.1,18.el7
centos7-flask,2022-05-07,00:50:45,dhclient,4.2.5,83.el7.centos.1
centos7-flask,2022-05-07,00:50:45,libbytesize,1.2,1.el7
centos7-flask,2022-05-07,00:50:45,libnl3-cli,3.2.28,4.el7
centos7-flask,2022-05-07,00:50:45,ibus-libs,1.5.17,12.el7_9
centos7-flask,2022-05-07,00:50:45,grub2-common,2.02,0.87.el7.centos.7
centos7-flask,2022-05-07,00:50:45,audit-libs,2.8.5,4.el7
centos7-flask,2022-05-07,00:50:45,bluez,5.44,7.el7
centos7-flask,2022-05-07,00:50:45,gettext-libs,0.19.8.1,3.el7
centos7-flask,2022-05-07,00:50:45,enscript,1.6.6,7.el7
centos7-flask,2022-05-07,00:50:45,gvfs-afp,1.36.2,5.el7_9
centos7-flask,2022-05-07,00:50:45,gvfs-afc,1.36.2,5.el7_9
centos7-flask,2022-05-07,00:50:45,fwupd,1.0.8,5.el7
centos7-flask,2022-05-07,00:50:45,poppler-data,0.4.6,3.el7
centos7-flask,2022-05-07,00:50:45,plymouth-plugin-two-step,0.8.9,0.34.20140113.el7.centos
centos7-flask,2022-05-07,00:50:45,sbc,1.0,5.el7
centos7-flask,2022-05-07,00:50:45,libsane-hpaio,3.15.9,5.el7
centos7-flask,2022-05-07,00:50:45,libhangul,0.1.0,8.el7
centos7-flask,2022-05-07,00:50:45,bash,4.2.46,35.el7_9
centos7-flask,2022-05-07,00:50:45,poppler-glib,0.26.5,43.el7.1
centos7-flask,2022-05-07,00:50:45,seahorse,3.20.0,1.el7
centos7-flask,2022-05-07,00:50:45,pykickstart,1.99.66.22,1.el7
centos7-flask,2022-05-07,00:50:45,libkkc-common,0.3.1,9.el7
centos7-flask,2022-05-07,00:50:45,augeas-libs,1.4.0,10.el7
centos7-flask,2022-05-07,00:50:45,python-linux-procfs,0.4.11,4.el7
centos7-flask,2022-05-07,00:50:45,ibus-kkc,1.5.18,7.el7
centos7-flask,2022-05-07,00:50:45,lvm2,2.02.187,6.el7_9.5
centos7-flask,2022-05-07,00:50:45,perl-Time-Local,1.2300,2.el7
centos7-flask,2022-05-07,00:50:45,iwl7260-firmware,25.30.13.0,80.el7_9
centos7-flask,2022-05-07,00:50:45,cups,1.6.3,51.el7
centos7-flask,2022-05-07,00:50:45,dmraid,1.0.0.rc16,28.el7
centos7-flask,2022-05-07,00:50:45,libva,1.8.3,1.el7
centos7-flask,2022-05-07,00:50:45,gvfs-client,1.36.2,5.el7_9
centos7-flask,2022-05-07,00:50:45,NetworkManager-libnm,1.18.8,2.el7_9
centos7-flask,2022-05-07,00:50:45,fontpackages-filesystem,1.44,8.el7
centos7-flask,2022-05-07,00:50:45,lrzsz,0.12.20,36.el7
centos7-flask,2022-05-07,00:50:45,libglvnd-egl,1.0.1,0.8.git5baa1e5.el7
centos7-flask,2022-05-07,00:50:45,unbound-libs,1.6.6,5.el7_8
centos7-flask,2022-05-07,00:50:45,adobe-mappings-cmap-deprecated,20171205,3.el7
centos7-flask,2022-05-07,00:50:45,dhcp-libs,4.2.5,83.el7.centos.1
centos7-flask,2022-05-07,00:50:45,gnome-shell-extension-horizontal-workspaces,3.28.1,17.el7_9
centos7-flask,2022-05-07,00:50:45,libtalloc,2.1.16,1.el7
centos7-flask,2022-05-07,00:50:45,libtar,1.2.11,29.el7
centos7-flask,2022-05-07,00:50:45,hypervkvpd,0,0.34.20180415git.el7
centos7-flask,2022-05-07,00:50:45,ivtv-firmware,20080701,26.el7
centos7-flask,2022-05-07,00:50:45,libepoxy,1.5.2,1.el7
centos7-flask,2022-05-07,00:50:45,python3-setuptools,39.2.0,10.el7
centos7-flask,2022-05-07,00:50:45,gnome-boxes,3.28.5,4.el7
centos7-flask,2022-05-07,00:50:45,man-db,2.6.3,11.el7
centos7-flask,2022-05-07,00:50:45,gedit,3.28.1,3.el7
centos7-flask,2022-05-07,00:50:45,libvirt-daemon-driver-storage-core,4.5.0,36.el7_9.5
centos7-flask,2022-05-07,00:50:45,java-1.7.0-openjdk,1.7.0.261,2.6.22.2.el7_8
centos7-flask,2022-05-07,00:50:45,mesa-libgbm,18.3.4,12.el7_9
centos7-flask,2022-05-07,00:50:45,xdg-desktop-portal,1.0.2,1.el7
centos7-flask,2022-05-07,00:50:45,libdb,5.3.21,25.el7
centos7-flask,2022-05-07,00:50:45,passwd,0.79,6.el7
centos7-flask,2022-05-07,00:50:45,cups-pk-helper,0.2.6,2.el7
centos7-flask,2022-05-07,00:50:45,quota,4.01,19.el7
centos7-flask,2022-05-07,00:50:45,kmod-libs,20,28.el7
centos7-flask,2022-05-07,00:50:45,libdv,1.0.0,17.el7
centos7-flask,2022-05-07,00:50:45,lm_sensors-libs,3.4.0,8.20160601gitf9185e5.el7
centos7-flask,2022-05-07,00:50:45,desktop-file-utils,0.23,2.el7
centos7-flask,2022-05-07,00:50:45,libXdamage,1.1.4,4.1.el7
centos7-flask,2022-05-07,00:50:45,xorg-x11-utils,7.5,23.el7
centos7-flask,2022-05-07,00:50:45,atk,2.28.1,2.el7
centos7-flask,2022-05-07,00:50:45,python-jwcrypto,0.4.2,1.el7
centos7-flask,2022-05-07,00:50:45,flite,1.3,22.el7
centos7-flask,2022-05-07,00:50:45,libusal,1.1.11,25.el7
centos7-flask,2022-05-07,00:50:45,dleyna-connector-dbus,0.2.0,2.el7
centos7-flask,2022-05-07,00:50:45,gtkmm30,3.22.2,1.el7
centos7-flask,2022-05-07,00:50:45,libsemanage-python,2.5,14.el7
centos7-flask,2022-05-07,00:50:45,libvirt-daemon-driver-storage-logical,4.5.0,36.el7_9.5
centos7-flask,2022-05-07,00:50:45,python-sssdconfig,1.16.5,10.el7_9.12
centos7-flask,2022-05-07,00:50:45,gobject-introspection,1.56.1,1.el7
centos7-flask,2022-05-07,00:50:45,libpwquality,1.2.3,5.el7
centos7-flask,2022-05-07,00:50:45,perl-macros,5.16.3,299.el7_9
centos7-flask,2022-05-07,00:50:45,fontconfig,2.13.0,4.3.el7
centos7-flask,2022-05-07,00:50:45,jbigkit-libs,2.0,11.el7
centos7-flask,2022-05-07,00:50:45,meanwhile,1.1.0,12.el7
centos7-flask,2022-05-07,00:50:45,bash-completion,2.1,8.el7
centos7-flask,2022-05-07,00:50:45,certmonger,0.78.4,17.el7_9
centos7-flask,2022-05-07,00:50:45,grep,2.20,3.el7
centos7-flask,2022-05-07,00:50:45,libdaemon,0.14,7.el7
centos7-flask,2022-05-07,00:50:45,open-sans-fonts,1.10,1.el7
centos7-flask,2022-05-07,00:50:45,python-gssapi,1.2.0,3.el7
centos7-flask,2022-05-07,00:50:45,flatpak,1.0.9,12.el7_9
centos7-flask,2022-05-07,00:50:45,orca,3.6.3,4.el7
centos7-flask,2022-05-07,00:50:45,vino,3.22.0,7.el7
centos7-flask,2022-05-07,00:50:45,json-c,0.11,4.el7_0
centos7-flask,2022-05-07,00:50:45,sed,4.2.2,7.el7
centos7-flask,2022-05-07,00:50:45,sssd-ipa,1.16.5,10.el7_9.12
centos7-flask,2022-05-07,00:50:45,dejavu-fonts-common,2.33,6.el7
centos7-flask,2022-05-07,00:50:45,pygtk2-libglade,2.24.0,9.el7
centos7-flask,2022-05-07,00:50:45,langtable,0.0.31,4.el7
centos7-flask,2022-05-07,00:50:45,perl-threads-shared,1.43,6.el7
centos7-flask,2022-05-07,00:50:45,python-enum34,1.0.4,1.el7
centos7-flask,2022-05-07,00:50:45,python3-pip,9.0.3,8.el7
centos7-flask,2022-05-07,00:50:45,libpng,1.5.13,8.el7
centos7-flask,2022-05-07,00:50:45,python-iniparse,0.4,9.el7
centos7-flask,2022-05-07,00:50:45,libqmi,1.18.0,2.el7
centos7-flask,2022-05-07,00:50:45,appstream-data,7,20180614.el7
centos7-flask,2022-05-07,00:50:45,m17n-contrib,1.1.14,3.el7
centos7-flask,2022-05-07,00:50:45,color-filesystem,1,13.el7
centos7-flask,2022-05-07,00:50:45,lohit-devanagari-fonts,2.5.3,4.el7
centos7-flask,2022-05-07,00:50:45,perl-Exporter,5.68,3.el7
centos7-flask,2022-05-07,00:50:45,cyrus-sasl,2.1.26,24.el7_9
centos7-flask,2022-05-07,00:50:45,hardlink,1.0,19.el7
centos7-flask,2022-05-07,00:50:45,libcollection,0.7.0,32.el7
centos7-flask,2022-05-07,00:50:45,python-cffi,1.6.0,5.el7
centos7-flask,2022-05-07,00:50:45,libgcrypt,1.5.3,14.el7
centos7-flask,2022-05-07,00:50:45,sysstat,10.1.5,19.el7
centos7-flask,2022-05-07,00:50:45,cairomm,1.12.0,1.el7
centos7-flask,2022-05-07,00:50:45,nss-softokn,3.67.0,3.el7_9
centos7-flask,2022-05-07,00:50:45,geoclue2,2.4.8,1.el7
centos7-flask,2022-05-07,00:50:45,lsof,4.87,6.el7
centos7-flask,2022-05-07,00:50:45,at-spi2-atk,2.26.2,1.el7
centos7-flask,2022-05-07,00:50:45,gucharmap,10.0.4,1.el7
centos7-flask,2022-05-07,00:50:45,adwaita-qt5,1.0,1.el7
centos7-flask,2022-05-07,00:50:45,gnome-shell,3.28.3,34.el7_9
centos7-flask,2022-05-07,00:50:45,urw-base35-nimbus-roman-fonts,20170801,10.el7
centos7-flask,2022-05-07,00:50:45,xorg-x11-server-Xorg,1.20.4,17.el7_9
centos7-flask,2022-05-07,00:50:45,usbmuxd,1.1.0,1.el7
centos7-flask,2022-05-07,00:50:45,libmbim,1.14.2,1.el7
centos7-flask,2022-05-07,00:50:45,sane-backends,1.0.24,12.el7
centos7-flask,2022-05-07,00:50:45,google-crosextra-caladea-fonts,1.002,0.4.20130214.el7
centos7-flask,2022-05-07,00:50:45,libverto,0.2.5,4.el7
centos7-flask,2022-05-07,00:50:45,glibmm24,2.56.0,1.el7
centos7-flask,2022-05-07,00:50:45,realmd,0.16.1,12.el7_9.1
centos7-flask,2022-05-07,00:50:45,ncurses,5.9,14.20130511.el7_4
centos7-flask,2022-05-07,00:50:45,nfs-utils,1.3.0,0.68.el7.2
centos7-flask,2022-05-07,00:50:45,graphite2,1.3.10,1.el7_3
centos7-flask,2022-05-07,00:50:45,gstreamer-plugins-bad-free,0.10.23,23.el7
centos7-flask,2022-05-07,00:50:45,metacity,2.34.13,7.el7
centos7-flask,2022-05-07,00:50:45,ndctl-libs,65,5.el7
centos7-flask,2022-05-07,00:50:45,libtdb,1.3.18,1.el7
centos7-flask,2022-05-07,00:50:45,sssd-krb5-common,1.16.5,10.el7_9.12
centos7-flask,2022-05-07,00:50:45,volume_key-libs,0.3.9,9.el7
centos7-flask,2022-05-07,00:50:45,cdparanoia-libs,10.2,17.el7
centos7-flask,2022-05-07,00:50:45,farstream02,0.2.3,3.el7
centos7-flask,2022-05-07,00:50:45,abrt-python,2.1.11,60.el7.centos
centos7-flask,2022-05-07,00:50:45,python-ipaddress,1.0.16,2.el7
centos7-flask,2022-05-07,00:50:45,alsa-plugins-pulseaudio,1.1.6,1.el7
centos7-flask,2022-05-07,00:50:45,libcurl,7.29.0,59.el7_9.1
centos7-flask,2022-05-07,00:50:45,python-decorator,3.4.0,3.el7
centos7-flask,2022-05-07,00:50:45,coreutils,8.22,24.el7_9.2
centos7-flask,2022-05-07,00:50:45,libcap-ng,0.7.5,4.el7
centos7-flask,2022-05-07,00:50:45,gvfs,1.36.2,5.el7_9
centos7-flask,2022-05-07,00:50:45,dbus-x11,1.10.24,15.el7
centos7-flask,2022-05-07,00:50:45,langtable-python,0.0.31,4.el7
centos7-flask,2022-05-07,00:50:45,iwl4965-firmware,228.61.2.24,80.el7_9
centos7-flask,2022-05-07,00:50:45,pinentry,0.8.1,17.el7
centos7-flask,2022-05-07,00:50:45,libvirt-daemon-driver-storage-scsi,4.5.0,36.el7_9.5
centos7-flask,2022-05-07,00:50:45,alsa-tools-firmware,1.1.0,1.el7
centos7-flask,2022-05-07,00:50:45,jline,1.0,8.el7
centos7-flask,2022-05-07,00:50:45,libmpcdec,1.2.6,12.el7
centos7-flask,2022-05-07,00:50:45,nautilus-extensions,3.26.3.1,7.el7
centos7-flask,2022-05-07,00:50:45,python-netifaces,0.10.4,3.el7
centos7-flask,2022-05-07,00:50:45,gsm,1.0.13,11.el7
centos7-flask,2022-05-07,00:50:45,libtevent,0.9.39,1.el7
centos7-flask,2022-05-07,00:50:45,libchamplain,0.12.16,2.el7
centos7-flask,2022-05-07,00:50:45,libglvnd,1.0.1,0.8.git5baa1e5.el7
centos7-flask,2022-05-07,00:50:45,boost-system,1.53.0,28.el7
centos7-flask,2022-05-07,00:50:45,libpcap,1.5.3,13.el7_9
centos7-flask,2022-05-07,00:50:45,python-meh-gui,0.25.3,1.el7
centos7-flask,2022-05-07,00:50:45,snappy,1.1.0,3.el7
centos7-flask,2022-05-07,00:50:45,clutter-gst2,2.0.18,1.el7
centos7-flask,2022-05-07,00:50:45,clutter-gst3,3.0.26,1.el7
centos7-flask,2022-05-07,00:50:45,alsa-firmware,1.0.28,2.el7
centos7-flask,2022-05-07,00:50:45,genisoimage,1.1.11,25.el7
centos7-flask,2022-05-07,00:50:45,iwl105-firmware,18.168.6.1,80.el7_9
centos7-flask,2022-05-07,00:50:45,pcre2,10.23,2.el7
centos7-flask,2022-05-07,00:50:45,xmlrpc-c,1.32.5,1905.svn2451.el7
centos7-flask,2022-05-07,00:50:45,cogl,1.22.2,2.el7
centos7-flask,2022-05-07,00:50:45,daxctl-libs,65,5.el7
centos7-flask,2022-05-07,00:50:45,libvirt-glib,1.0.0,1.el7
centos7-flask,2022-05-07,00:50:45,urw-base35-nimbus-sans-fonts,20170801,10.el7
centos7-flask,2022-05-07,00:50:45,libmspack,0.5,0.8.alpha.el7
centos7-flask,2022-05-07,00:50:45,GConf2,3.2.6,8.el7
centos7-flask,2022-05-07,00:50:45,libreport-plugin-rhtsupport,2.1.11,53.el7.centos
centos7-flask,2022-05-07,00:50:45,newt-python,0.52.15,4.el7
centos7-flask,2022-05-07,00:50:45,liberation-sans-fonts,1.07.2,16.el7
centos7-flask,2022-05-07,00:50:45,ledmon,0.92,1.el7
centos7-flask,2022-05-07,00:50:45,ttmkfdir,3.0.9,42.el7
centos7-flask,2022-05-07,00:50:45,flatpak-libs,1.0.9,12.el7_9
centos7-flask,2022-05-07,00:50:45,fipscheck,1.4.1,6.el7
centos7-flask,2022-05-07,00:50:45,bc,1.06.95,13.el7
centos7-flask,2022-05-07,00:50:45,gtk-vnc2,0.7.0,3.el7
centos7-flask,2022-05-07,00:50:45,gnome-calculator,3.28.2,1.el7
centos7-flask,2022-05-07,00:50:45,gnome-packagekit-updater,3.28.0,1.el7
centos7-flask,2022-05-07,00:50:45,wget,1.14,18.el7_6.1
centos7-flask,2022-05-07,00:50:45,libreport-web,2.1.11,53.el7.centos
centos7-flask,2022-05-07,00:50:45,libgomp,4.8.5,44.el7
centos7-flask,2022-05-07,00:50:45,libexif,0.6.22,2.el7_9
centos7-flask,2022-05-07,00:50:45,libvirt-daemon-driver-secret,4.5.0,36.el7_9.5
centos7-flask,2022-05-07,00:50:45,google-noto-emoji-color-fonts,20180508,4.el7
centos7-flask,2022-05-07,00:50:45,libgusb,0.2.9,1.el7
centos7-flask,2022-05-07,00:50:45,glib2,2.56.1,9.el7_9
centos7-flask,2022-05-07,00:50:45,xorg-x11-server-common,1.20.4,17.el7_9
centos7-flask,2022-05-07,00:50:45,hesiod,3.2.1,3.el7
centos7-flask,2022-05-07,00:50:45,gnome-shell-extension-user-theme,3.28.1,17.el7_9
centos7-flask,2022-05-07,00:50:45,libproxy-mozjs,0.4.11,11.el7
centos7-flask,2022-05-07,00:50:45,pcre2-utf16,10.23,2.el7
centos7-flask,2022-05-07,00:50:45,libmnl,1.0.3,7.el7
centos7-flask,2022-05-07,00:50:45,firewall-config,0.6.3,13.el7_9
centos7-flask,2022-05-07,00:50:45,gdisk,0.8.10,3.el7
centos7-flask,2022-05-07,00:50:45,nss,3.67.0,4.el7_9
centos7-flask,2022-05-07,00:50:45,pcre,8.32,17.el7
centos7-flask,2022-05-07,00:50:45,libchamplain-gtk,0.12.16,2.el7
centos7-flask,2022-05-07,00:50:45,qt5-qtbase-common,5.9.7,5.el7_9
centos7-flask,2022-05-07,00:50:45,tcp_wrappers-libs,7.6,77.el7
centos7-flask,2022-05-07,00:50:45,python-backports,1.0,8.el7
centos7-flask,2022-05-07,00:50:45,gstreamer1-plugins-base,1.10.4,2.el7
centos7-flask,2022-05-07,00:50:45,grub2-pc-modules,2.02,0.87.el7.centos.7
centos7-flask,2022-05-07,00:50:45,speech-dispatcher,0.7.1,15.el7
centos7-flask,2022-05-07,00:50:45,cdrdao,1.2.3,20.el7
centos7-flask,2022-05-07,00:50:45,libconfig,1.4.9,5.el7
centos7-flask,2022-05-07,00:50:45,pciutils-libs,3.5.1,3.el7
centos7-flask,2022-05-07,00:50:45,libiptcdata,1.0.4,11.el7
centos7-flask,2022-05-07,00:50:45,libmpc,1.0.1,3.el7
centos7-flask,2022-05-07,00:50:45,libXi,1.7.9,1.el7
centos7-flask,2022-05-07,00:50:45,file-roller,3.28.1,2.el7
centos7-flask,2022-05-07,00:50:45,openjpeg2,2.3.1,3.el7_7
centos7-flask,2022-05-07,00:50:45,flac-libs,1.3.0,5.el7_1
centos7-flask,2022-05-07,00:50:45,libXt,1.1.5,3.el7
centos7-flask,2022-05-07,00:50:45,libXv,1.0.11,1.el7
centos7-flask,2022-05-07,00:50:45,info,5.1,5.el7
centos7-flask,2022-05-07,00:50:45,libnfnetlink,1.0.1,4.el7
centos7-flask,2022-05-07,00:50:45,libiec61883,1.2.0,10.el7
centos7-flask,2022-05-07,00:50:45,gstreamer,0.10.36,7.el7
centos7-flask,2022-05-07,00:50:45,device-mapper-event,1.02.170,6.el7_9.5
centos7-flask,2022-05-07,00:50:45,python2-pyasn1-modules,0.1.9,7.el7
centos7-flask,2022-05-07,00:50:45,libreport-plugin-bugzilla,2.1.11,53.el7.centos
centos7-flask,2022-05-07,00:50:45,lohit-telugu-fonts,2.5.3,3.el7
centos7-flask,2022-05-07,00:50:45,qt5-qtbase,5.9.7,5.el7_9
centos7-flask,2022-05-07,00:50:45,ibus,1.5.17,12.el7_9
centos7-flask,2022-05-07,00:50:45,python-smbc,1.0.13,8.el7
centos7-flask,2022-05-07,00:50:45,curl,7.29.0,59.el7_9.1
centos7-flask,2022-05-07,00:50:45,yelp-libs,3.28.1,1.el7
centos7-flask,2022-05-07,00:50:45,libdmapsharing,2.9.37,1.el7
centos7-flask,2022-05-07,00:50:45,libvirt-daemon-driver-storage,4.5.0,36.el7_9.5
centos7-flask,2022-05-07,00:50:45,fipscheck-lib,1.4.1,6.el7
centos7-flask,2022-05-07,00:50:45,pyxattr,0.5.1,5.el7
centos7-flask,2022-05-07,00:50:45,python-kmod,0.9,4.el7
centos7-flask,2022-05-07,00:50:45,ncompress,4.2.4.4,3.1.el7_8
centos7-flask,2022-05-07,00:50:45,paps,0.6.8,28.el7.1
centos7-flask,2022-05-07,00:50:45,abrt-tui,2.1.11,60.el7.centos
centos7-flask,2022-05-07,00:50:45,ustr,1.0.4,16.el7
centos7-flask,2022-05-07,00:50:45,abrt-addon-xorg,2.1.11,60.el7.centos
centos7-flask,2022-05-07,00:50:45,libdhash,0.5.0,32.el7
centos7-flask,2022-05-07,00:50:45,gucharmap-libs,10.0.4,1.el7
centos7-flask,2022-05-07,00:50:45,gnome-keyring-pam,3.28.2,1.el7
centos7-flask,2022-05-07,00:50:45,sssd-proxy,1.16.5,10.el7_9.12
centos7-flask,2022-05-07,00:50:45,imsettings-libs,1.6.3,11.el7
centos7-flask,2022-05-07,00:50:45,totem,3.26.2,1.el7
centos7-flask,2022-05-07,00:50:45,gd,2.0.35,27.el7_9
centos7-flask,2022-05-07,00:50:45,libxshmfence,1.2,1.el7
centos7-flask,2022-05-07,00:50:45,gstreamer1-plugins-ugly-free,1.10.4,3.el7
centos7-flask,2022-05-07,00:50:45,accountsservice-libs,0.6.50,7.el7
centos7-flask,2022-05-07,00:50:45,python-IPy,0.75,6.el7
centos7-flask,2022-05-07,00:50:45,unzip,6.0,24.el7_9
centos7-flask,2022-05-07,00:50:45,gtk2,2.24.31,1.el7
centos7-flask,2022-05-07,00:50:45,iwl2030-firmware,18.168.6.1,80.el7_9
centos7-flask,2022-05-07,00:50:45,libwayland-egl,1.15.0,1.el7
centos7-flask,2022-05-07,00:50:45,lohit-marathi-fonts,2.5.3,2.el7
centos7-flask,2022-05-07,00:50:45,mozilla-filesystem,1.9,11.el7
centos7-flask,2022-05-07,00:50:45,libv4l,0.9.5,4.el7
centos7-flask,2022-05-07,00:50:45,atkmm,2.24.2,1.el7
centos7-flask,2022-05-07,00:50:45,libyami,1.2.0,2.el7
centos7-flask,2022-05-07,00:50:45,audit-libs-python,2.8.5,4.el7
centos7-flask,2022-05-07,00:50:45,libyaml,0.1.4,11.el7_0
centos7-flask,2022-05-07,00:50:45,python-meh,0.25.3,1.el7
centos7-flask,2022-05-07,00:50:45,xcb-util-image,0.4.0,2.el7
centos7-flask,2022-05-07,00:50:45,m17n-lib,1.6.4,14.el7
centos7-flask,2022-05-07,00:50:45,mozjs17,17.0.0,20.el7
centos7-flask,2022-05-07,00:50:45,libblockdev-mdraid,2.18,5.el7
centos7-flask,2022-05-07,00:50:45,glusterfs,6.0,61.el7
centos7-flask,2022-05-07,00:50:45,compat-libcolord1,1.0.4,1.el7
centos7-flask,2022-05-07,00:50:45,pycairo,1.8.10,8.el7
centos7-flask,2022-05-07,00:50:45,libunistring,0.9.3,9.el7
centos7-flask,2022-05-07,00:50:45,python2-pyatspi,2.26.0,3.el7
centos7-flask,2022-05-07,00:50:45,dleyna-server,0.5.0,3.el7
centos7-flask,2022-05-07,00:50:45,kmod-kvdo,6.1.3.23,5.el7
centos7-flask,2022-05-07,00:50:45,libcgroup-tools,0.41,21.el7
centos7-flask,2022-05-07,00:50:45,qgnomeplatform,0.3,5.el7
centos7-flask,2022-05-07,00:50:45,python-javapackages,3.4.1,11.el7
centos7-flask,2022-05-07,00:50:45,gstreamer1-plugins-good,1.10.4,2.el7
centos7-flask,2022-05-07,00:50:45,libasyncns,0.8,7.el7
centos7-flask,2022-05-07,00:50:45,device-mapper-multipath,0.4.9,135.el7_9
centos7-flask,2022-05-07,00:50:45,c-ares,1.10.0,3.el7
centos7-flask,2022-05-07,00:50:45,xmlsec1-openssl,1.2.20,7.el7_4
centos7-flask,2022-05-07,00:50:45,python-schedutils,0.4,6.el7
centos7-flask,2022-05-07,00:50:45,jansson,2.10,1.el7
centos7-flask,2022-05-07,00:50:45,bind-utils,9.11.4,26.P2.el7_9.9
centos7-flask,2022-05-07,00:50:45,python-backports-ssl_match_hostname,3.5.0.1,1.el7
centos7-flask,2022-05-07,00:50:45,librsvg2,2.40.20,1.el7
centos7-flask,2022-05-07,00:50:45,firefox,91.7.0,3.el7.centos
centos7-flask,2022-05-07,00:50:45,libsss_nss_idmap,1.16.5,10.el7_9.12
centos7-flask,2022-05-07,00:50:45,python-libs,2.7.5,90.el7
centos7-flask,2022-05-07,00:50:45,gupnp-dlna,0.10.5,1.el7
centos7-flask,2022-05-07,00:50:45,python-lxml,3.2.1,4.el7
centos7-flask,2022-05-07,00:50:45,zip,3.0,11.el7
centos7-flask,2022-05-07,00:50:45,webrtc-audio-processing,0.3,1.el7
centos7-flask,2022-05-07,00:50:45,startup-notification,0.12,8.el7
centos7-flask,2022-05-07,00:50:45,fros,1.0,5.el7
centos7-flask,2022-05-07,00:50:45,rfkill,0.4,10.el7
centos7-flask,2022-05-07,00:50:45,quota-nls,4.01,19.el7
centos7-flask,2022-05-07,00:50:45,libreport-filesystem,2.1.11,53.el7.centos
centos7-flask,2022-05-07,00:50:45,pinfo,0.6.10,9.el7
centos7-flask,2022-05-07,00:50:45,vinagre,3.22.0,14.el7
centos7-flask,2022-05-07,00:50:45,python-dateutil,1.5,7.el7
centos7-flask,2022-05-07,00:50:45,python-ntplib,0.3.2,1.el7
centos7-flask,2022-05-07,00:50:45,libtasn1,4.10,1.el7
centos7-flask,2022-05-07,00:50:45,alsa-utils,1.1.8,2.el7
centos7-flask,2022-05-07,00:50:45,sqlite,3.7.17,8.el7_7.1
centos7-flask,2022-05-07,00:50:45,tar,1.26,35.el7
centos7-flask,2022-05-07,00:50:45,sudo,1.8.23,10.el7_9.2
centos7-flask,2022-05-07,00:50:45,fprintd,0.8.1,2.el7
centos7-flask,2022-05-07,00:50:45,pinentry-gtk,0.8.1,17.el7
centos7-flask,2022-05-07,00:50:45,gsettings-desktop-schemas,3.28.0,3.el7
centos7-flask,2022-05-07,00:50:45,xorg-x11-drv-qxl,0.1.5,5.el7
centos7-flask,2022-05-07,00:50:45,gcr,3.28.0,1.el7
centos7-flask,2022-05-07,00:50:45,hunspell-en-GB,0.20121024,6.el7
centos7-flask,2022-05-07,00:50:45,oddjob,0.31.5,4.el7
centos7-flask,2022-05-07,00:50:45,java-1.7.0-openjdk-headless,1.7.0.261,2.6.22.2.el7_8
centos7-flask,2022-05-07,00:50:45,hunspell-en-US,0.20121024,6.el7
centos7-flask,2022-05-07,00:50:45,tcsh,6.18.01,17.el7_9.1
centos7-flask,2022-05-07,00:50:45,adwaita-icon-theme,3.28.0,1.el7
centos7-flask,2022-05-07,00:50:45,perl-Pod-Usage,1.63,3.el7
centos7-flask,2022-05-07,00:50:45,gvfs-archive,1.36.2,5.el7_9
centos7-flask,2022-05-07,00:50:45,control-center-filesystem,3.28.1,8.el7_9
centos7-flask,2022-05-07,00:50:45,libao,1.1.0,8.el7
centos7-flask,2022-05-07,00:50:45,mesa-filesystem,18.3.4,12.el7_9
centos7-flask,2022-05-07,00:50:45,perl-libs,5.16.3,299.el7_9
centos7-flask,2022-05-07,00:50:45,lz4,1.8.3,1.el7
centos7-flask,2022-05-07,00:50:45,kbd,1.15.5,16.el7_9
centos7-flask,2022-05-07,00:50:45,wayland-devel,1.15.0,1.el7
centos7-flask,2022-05-07,00:50:45,libwayland-cursor,1.15.0,1.el7
centos7-flask,2022-05-07,00:50:45,libpaper,1.1.24,9.el7
centos7-flask,2022-05-07,00:50:45,crash,7.2.3,11.el7_9.1
centos7-flask,2022-05-07,00:50:45,python,2.7.5,90.el7
centos7-flask,2022-05-07,00:50:45,iwl3945-firmware,15.32.2.9,80.el7_9
centos7-flask,2022-05-07,00:50:45,libwacom,0.30,1.el7
centos7-flask,2022-05-07,00:50:45,lzo,2.06,8.el7
centos7-flask,2022-05-07,00:50:45,ghostscript-cups,9.25,5.el7
centos7-flask,2022-05-07,00:50:45,smc-meera-fonts,6.0,7.el7
centos7-flask,2022-05-07,00:50:45,plymouth-system-theme,0.8.9,0.34.20140113.el7.centos
centos7-flask,2022-05-07,00:50:45,dbus,1.10.24,15.el7
centos7-flask,2022-05-07,00:50:45,perl-threads,1.87,4.el7
centos7-flask,2022-05-07,00:50:45,brasero-nautilus,3.12.2,5.el7
centos7-flask,2022-05-07,00:50:45,vim-filesystem,7.4.629,8.el7_9
centos7-flask,2022-05-07,00:50:45,ebtables,2.0.10,16.el7
centos7-flask,2022-05-07,00:50:45,nss-sysinit,3.67.0,4.el7_9
centos7-flask,2022-05-07,00:50:45,nhn-nanum-gothic-fonts,3.020,9.el7
centos7-flask,2022-05-07,00:50:45,hplip-common,3.15.9,5.el7
centos7-flask,2022-05-07,00:50:45,avahi-libs,0.6.31,20.el7
centos7-flask,2022-05-07,00:50:45,at-spi2-core,2.28.0,1.el7
centos7-flask,2022-05-07,00:50:45,libvirt-daemon-driver-network,4.5.0,36.el7_9.5
centos7-flask,2022-05-07,00:50:45,rdate,1.4,25.el7
centos7-flask,2022-05-07,00:50:45,yum-metadata-parser,1.1.4,10.el7
centos7-flask,2022-05-07,00:50:45,glibc-common,2.17,325.el7_9
centos7-flask,2022-05-07,00:50:45,rootfiles,8.1,11.el7
centos7-flask,2022-05-07,00:50:45,gnu-free-sans-fonts,20120503,8.el7
centos7-flask,2022-05-07,00:50:45,iwl5000-firmware,8.83.5.1_1,80.el7_9
centos7-flask,2022-05-07,00:50:45,bind-export-libs,9.11.4,26.P2.el7_9.9
centos7-flask,2022-05-07,00:50:45,ndctl,65,5.el7
centos7-flask,2022-05-07,00:50:45,libgudev1,219,78.el7_9.5
centos7-flask,2022-05-07,00:50:45,lshw,B.02.18,17.el7
centos7-flask,2022-05-07,00:50:45,libstoragemgmt,1.8.1,2.el7_9
centos7-flask,2022-05-07,00:50:45,festival,1.96,28.el7
centos7-flask,2022-05-07,00:50:45,gnome-contacts,3.28.2,1.el7
centos7-flask,2022-05-07,00:50:45,libiscsi,1.9.0,7.el7
centos7-flask,2022-05-07,00:50:45,fxload,2002_04_11,16.el7
centos7-flask,2022-05-07,00:50:45,groff-base,1.22.2,8.el7
centos7-flask,2022-05-07,00:50:45,python-pwquality,1.2.3,5.el7
centos7-flask,2022-05-07,00:50:45,compat-cheese314,3.14.2,1.el7
centos7-flask,2022-05-07,00:50:45,perl-Getopt-Long,2.40,3.el7
centos7-flask,2022-05-07,00:50:45,gnome-getting-started-docs,3.28.2,1.el7
centos7-flask,2022-05-07,00:50:45,mesa-libGL,18.3.4,12.el7_9
centos7-flask,2022-05-07,00:50:45,ncurses-base,5.9,14.20130511.el7_4
centos7-flask,2022-05-07,00:50:45,abrt-addon-ccpp,2.1.11,60.el7.centos
centos7-flask,2022-05-07,00:50:45,libldb,1.5.4,2.el7
centos7-flask,2022-05-07,00:50:45,glib-networking,2.56.1,1.el7
centos7-flask,2022-05-07,00:50:45,libvirt-daemon-driver-nodedev,4.5.0,36.el7_9.5
centos7-flask,2022-05-07,00:50:45,libcanberra,0.30,9.el7
centos7-flask,2022-05-07,00:50:45,python-pyudev,0.15,9.el7
centos7-flask,2022-05-07,00:50:45,gnome-shell-extension-alternate-tab,3.28.1,17.el7_9
centos7-flask,2022-05-07,00:50:45,PackageKit-gstreamer-plugin,1.1.10,2.el7.centos
centos7-flask,2022-05-07,00:50:45,wavpack,4.60.1,9.el7
centos7-flask,2022-05-07,00:50:45,xorg-x11-drv-wacom,0.36.1,3.el7
centos7-flask,2022-05-07,00:50:45,libsrtp,1.4.4,11.20101004cvs.el7
centos7-flask,2022-05-07,00:50:45,python-sss-murmur,1.16.5,10.el7_9.12
centos7-flask,2022-05-07,00:50:45,samba-client-libs,4.10.16,18.el7_9
centos7-flask,2022-05-07,00:50:45,which,2.20,7.el7
centos7-flask,2022-05-07,00:50:45,libstoragemgmt-python,1.8.1,2.el7_9
centos7-flask,2022-05-07,00:50:45,libreport-centos,2.1.11,53.el7.centos
centos7-flask,2022-05-07,00:50:45,samba-client,4.10.16,18.el7_9
centos7-flask,2022-05-07,00:50:45,libaio,0.3.109,13.el7
centos7-flask,2022-05-07,00:50:45,cracklib-dicts,2.9.0,11.el7
centos7-flask,2022-05-07,00:50:45,perl-Pod-Escapes,1.04,299.el7_9
centos7-flask,2022-05-07,00:50:45,gvfs-gphoto2,1.36.2,5.el7_9
centos7-flask,2022-05-07,00:50:45,libvirt-gconfig,1.0.0,1.el7
centos7-flask,2022-05-07,00:50:45,brlapi,0.6.0,16.el7
centos7-flask,2022-05-07,00:50:45,strace,4.24,6.el7
centos7-flask,2022-05-07,00:50:45,stix-fonts,1.1.0,5.el7
centos7-flask,2022-05-07,00:50:45,compat-exiv2-026,0.26,2.el7
centos7-flask,2022-05-07,00:50:45,hwdata,0.252,9.7.el7
centos7-flask,2022-05-07,00:50:45,libX11-devel,1.6.7,4.el7_9
centos7-flask,2022-05-07,00:50:45,libreport-gtk,2.1.11,53.el7.centos
centos7-flask,2022-05-07,00:50:45,liboauth,0.9.7,4.el7
centos7-flask,2022-05-07,00:50:45,python-urlgrabber,3.10,10.el7
centos7-flask,2022-05-07,00:50:45,google-crosextra-carlito-fonts,1.103,0.2.20130920.el7
centos7-flask,2022-05-07,00:50:45,lohit-assamese-fonts,2.5.3,2.el7
centos7-flask,2022-05-07,00:50:45,xmlsec1,1.2.20,7.el7_4
centos7-flask,2022-05-07,00:50:45,pyparsing,1.5.6,9.el7
centos7-flask,2022-05-07,00:50:45,kpatch,0.6.1,6.el7
centos7-flask,2022-05-07,00:50:45,python-blivet,0.61.15.76,1.el7_9
centos7-flask,2022-05-07,00:50:45,abrt-desktop,2.1.11,60.el7.centos
centos7-flask,2022-05-07,00:50:45,nmap-ncat,6.40,19.el7
centos7-flask,2022-05-07,00:50:45,kpartx,0.4.9,135.el7_9
centos7-flask,2022-05-07,00:50:45,pnm2ppa,1.04,28.el7
centos7-flask,2022-05-07,00:50:45,words,3.0,22.el7
centos7-flask,2022-05-07,00:50:45,lksctp-tools,1.0.17,2.el7
centos7-flask,2022-05-07,00:50:45,usb_modeswitch,2.5.1,1.el7
centos7-flask,2022-05-07,00:50:45,gnome-icon-theme,3.12.0,1.el7
centos7-flask,2022-05-07,00:50:45,NetworkManager-wifi,1.18.8,2.el7_9
centos7-flask,2022-05-07,00:50:45,libfastjson,0.99.4,3.el7
centos7-flask,2022-05-07,00:50:45,kexec-tools,2.0.15,51.el7_9.3
centos7-flask,2022-05-07,00:50:45,python-requests,2.6.0,10.el7
centos7-flask,2022-05-07,00:50:45,tuned,2.11.0,11.el7_9
centos7-flask,2022-05-07,00:50:45,libpeas-loader-python,1.22.0,1.el7
centos7-flask,2022-05-07,00:50:45,teamd,1.29,3.el7
centos7-flask,2022-05-07,00:50:45,libvorbis,1.3.3,8.el7.1
centos7-flask,2022-05-07,00:50:45,rpcbind,0.2.0,49.el7
centos7-flask,2022-05-07,00:50:45,liblouis,2.5.2,12.el7_4
centos7-flask,2022-05-07,00:50:45,setserial,2.17,33.el7
centos7-flask,2022-05-07,00:50:45,xorg-x11-drivers,7.7,6.el7
centos7-flask,2022-05-07,00:50:45,jomolhari-fonts,0.003,17.el7
centos7-flask,2022-05-07,00:50:45,libestr,0.1.9,2.el7
centos7-flask,2022-05-07,00:50:45,lua,5.1.4,15.el7
centos7-flask,2022-05-07,00:50:45,perl-Carp,1.26,244.el7
centos7-flask,2022-05-07,00:50:45,xdg-utils,1.1.0,0.17.20120809git.el7
centos7-flask,2022-05-07,00:50:45,python-yubico,1.2.3,1.el7
centos7-flask,2022-05-07,00:50:45,python-urllib3,1.10.2,7.el7
centos7-flask,2022-05-07,00:50:45,empathy,3.12.13,1.el7
centos7-flask,2022-05-07,00:50:45,pulseaudio-module-bluetooth,10.0,6.el7_9
centos7-flask,2022-05-07,00:50:45,libvirt-libs,4.5.0,36.el7_9.5
centos7-flask,2022-05-07,00:50:45,python2-ipalib,4.6.8,5.el7.centos.10
centos7-flask,2022-05-07,00:50:45,perl-File-Path,2.09,2.el7
centos7-flask,2022-05-07,00:50:45,libXft,2.3.2,2.el7
centos7-flask,2022-05-07,00:50:45,libattr,2.4.46,13.el7
centos7-flask,2022-05-07,00:50:45,hyphen,2.8.6,5.el7
centos7-flask,2022-05-07,00:50:45,urw-base35-p052-fonts,20170801,10.el7
centos7-flask,2022-05-07,00:50:45,webkitgtk4,2.28.2,3.el7
centos7-flask,2022-05-07,00:50:45,rpm,4.11.3,48.el7_9
centos7-flask,2022-05-07,00:50:45,webkitgtk3,2.4.11,2.el7
centos7-flask,2022-05-07,00:50:45,libXrandr,1.5.1,2.el7
centos7-flask,2022-05-07,00:50:45,sssd-ldap,1.16.5,10.el7_9.12
centos7-flask,2022-05-07,00:50:45,wqy-microhei-fonts,0.2.0,0.12.beta.el7
centos7-flask,2022-05-07,00:50:45,libreport-plugin-ureport,2.1.11,53.el7.centos
centos7-flask,2022-05-07,00:50:45,radvd,2.17,3.el7
centos7-flask,2022-05-07,00:50:45,python3-libs,3.6.8,18.el7
centos7-flask,2022-05-07,00:50:45,sysvinit-tools,2.88,14.dsf.el7
centos7-flask,2022-05-07,00:50:45,glusterfs-cli,6.0,61.el7
centos7-flask,2022-05-07,00:50:45,perl-PathTools,3.40,5.el7
centos7-flask,2022-05-07,00:50:45,ipset-libs,7.1,1.el7
centos7-flask,2022-05-07,00:50:45,adobe-mappings-pdf,20180407,1.el7
centos7-flask,2022-05-07,00:50:45,libnl,1.1.4,3.el7
centos7-flask,2022-05-07,00:50:45,plymouth-graphics-libs,0.8.9,0.34.20140113.el7.centos
centos7-flask,2022-05-07,00:50:45,gnome-menus,3.13.3,3.el7
centos7-flask,2022-05-07,00:50:45,glusterfs-client-xlators,6.0,61.el7
centos7-flask,2022-05-07,00:50:45,file,5.11,37.el7
centos7-flask,2022-05-07,00:50:45,pygpgme,0.3,9.el7
centos7-flask,2022-05-07,00:50:45,libxml2,2.9.1,6.el7_9.6
centos7-flask,2022-05-07,00:50:45,lklug-fonts,0.6,10.20090803cvs.el7
centos7-flask,2022-05-07,00:50:45,iscsi-initiator-utils-iscsiuio,6.2.0.874,22.el7_9
centos7-flask,2022-05-07,00:50:45,cyrus-sasl-gssapi,2.1.26,24.el7_9
centos7-flask,2022-05-07,00:50:45,python-brlapi,0.6.0,16.el7
centos7-flask,2022-05-07,00:50:45,libreport-plugin-mantisbt,2.1.11,53.el7.centos
centos7-flask,2022-05-07,00:50:45,libnm-gtk,1.8.6,2.el7
centos7-flask,2022-05-07,00:50:45,mousetweaks,3.12.0,1.el7
centos7-flask,2022-05-07,00:50:45,libvirt-daemon,4.5.0,36.el7_9.5
centos7-flask,2022-05-07,00:50:45,libsecret,0.18.6,1.el7
centos7-flask,2022-05-07,00:50:45,initial-setup,0.3.9.45,1.el7.centos
centos7-flask,2022-05-07,00:50:45,p11-kit-trust,0.23.5,3.el7
centos7-flask,2022-05-07,00:50:45,NetworkManager-bluetooth,1.18.8,2.el7_9
centos7-flask,2022-05-07,00:50:45,rpm-python,4.11.3,48.el7_9
centos7-flask,2022-05-07,00:50:45,libsysfs,2.1.0,16.el7
centos7-flask,2022-05-07,00:50:45,audit,2.8.5,4.el7
centos7-flask,2022-05-07,00:50:45,abrt-dbus,2.1.11,60.el7.centos
centos7-flask,2022-05-07,00:50:45,gnome-desktop3,3.28.2,2.el7
centos7-flask,2022-05-07,00:50:45,binutils,2.27,44.base.el7_9.1
centos7-flask,2022-05-07,00:50:45,filesystem,3.2,25.el7
centos7-flask,2022-05-07,00:50:45,NetworkManager-ppp,1.18.8,2.el7_9
centos7-flask,2022-05-07,00:50:45,libisofs,1.2.8,4.el7
centos7-flask,2022-05-07,00:50:45,nss-pem,1.0.3,7.el7
centos7-flask,2022-05-07,00:50:45,vim-common,7.4.629,8.el7_9
centos7-flask,2022-05-07,00:50:45,xml-common,0.6.3,39.el7
centos7-flask,2022-05-07,00:50:45,less,458,9.el7
centos7-flask,2022-05-07,00:50:45,cifs-utils,6.2,10.el7
centos7-flask,2022-05-07,00:50:45,libvpx,1.3.0,8.el7
centos7-flask,2022-05-07,00:50:45,evince,3.28.2,10.el7
centos7-flask,2022-05-07,00:50:45,rpm-build-libs,4.11.3,48.el7_9
centos7-flask,2022-05-07,00:50:45,pango,1.42.4,4.el7_7
centos7-flask,2022-05-07,00:50:45,totem-nautilus,3.26.2,1.el7
centos7-flask,2022-05-07,00:50:45,kbd-legacy,1.15.5,16.el7_9
centos7-flask,2022-05-07,00:50:45,exempi,2.2.0,9.el7
centos7-flask,2022-05-07,00:50:45,libxkbcommon-x11,0.7.1,3.el7
centos7-flask,2022-05-07,00:50:45,policycoreutils-python,2.5,34.el7
centos7-flask,2022-05-07,00:50:45,libuser-python,0.60,9.el7
centos7-flask,2022-05-07,00:50:45,gmp,6.0.0,15.el7
centos7-flask,2022-05-07,00:50:45,plymouth-theme-charge,0.8.9,0.34.20140113.el7.centos
centos7-flask,2022-05-07,00:50:45,sgabios-bin,0.20110622svn,4.el7
centos7-flask,2022-05-07,00:50:45,libXdmcp,1.1.2,6.el7
centos7-flask,2022-05-07,00:50:45,vlgothic-fonts,20130607,2.el7
centos7-flask,2022-05-07,00:50:45,perl-Socket,2.010,5.el7
centos7-flask,2022-05-07,00:50:45,libss,1.42.9,19.el7
centos7-flask,2022-05-07,00:50:45,icedtea-web,1.7.1,4.el7_9
centos7-flask,2022-05-07,00:50:45,libvisual,0.4.0,16.el7
centos7-flask,2022-05-07,00:50:45,python2-ipaclient,4.6.8,5.el7.centos.10
centos7-flask,2022-05-07,00:50:45,python3,3.6.8,18.el7
centos7-flask,2022-05-07,00:50:45,gspell,1.6.1,1.el7
centos7-flask,2022-05-07,00:50:45,gpm-libs,1.20.7,6.el7
centos7-flask,2022-05-07,00:50:45,avahi-ui-gtk3,0.6.31,20.el7
centos7-flask,2022-05-07,00:50:45,gnu-free-mono-fonts,20120503,8.el7
centos7-flask,2022-05-07,00:50:45,lohit-punjabi-fonts,2.5.3,2.el7
centos7-flask,2022-05-07,00:50:45,nss-softokn-freebl,3.67.0,3.el7_9
centos7-flask,2022-05-07,00:50:45,shared-mime-info,1.8,5.el7
centos7-flask,2022-05-07,00:50:45,anaconda-gui,21.48.22.159,1.el7.centos
centos7-flask,2022-05-07,00:50:45,boost-thread,1.53.0,28.el7
centos7-flask,2022-05-07,00:50:45,libXfont2,2.0.3,1.el7
centos7-flask,2022-05-07,00:50:45,grilo-plugins,0.3.7,1.el7
centos7-flask,2022-05-07,00:50:45,dvd+rw-tools,7.1,15.el7
centos7-flask,2022-05-07,00:50:45,shadow-utils,4.6,5.el7
centos7-flask,2022-05-07,00:50:45,boost-random,1.53.0,28.el7
centos7-flask,2022-05-07,00:50:45,libcgroup,0.41,21.el7
centos7-flask,2022-05-07,00:50:45,libXau,1.0.8,2.1.el7
centos7-flask,2022-05-07,00:50:45,netcf-libs,0.2.8,4.el7
centos7-flask,2022-05-07,00:50:45,libgdata,0.17.9,1.el7
centos7-flask,2022-05-07,00:50:45,pulseaudio-module-x11,10.0,6.el7_9
centos7-flask,2022-05-07,00:50:45,dmidecode,3.2,5.el7_9.1
centos7-flask,2022-05-07,00:50:45,python2-futures,3.1.1,5.el7
centos7-flask,2022-05-07,00:50:45,libvirt-daemon-config-network,4.5.0,36.el7_9.5
centos7-flask,2022-05-07,00:50:45,libX11-common,1.6.7,4.el7_9
centos7-flask,2022-05-07,00:50:45,pangomm,2.40.1,1.el7
centos7-flask,2022-05-07,00:50:45,cjkuni-uming-fonts,0.2.20080216.1,53.el7
centos7-flask,2022-05-07,00:50:45,adobe-mappings-cmap,20171205,3.el7
centos7-flask,2022-05-07,00:50:45,libjpeg-turbo,1.2.90,8.el7
centos7-flask,2022-05-07,00:50:45,spice-gtk3,0.35,5.el7_9.1
centos7-flask,2022-05-07,00:50:45,libmount,2.23.2,65.el7_9.1
centos7-flask,2022-05-07,00:50:45,spice-vdagent,0.14.0,18.el7
centos7-flask,2022-05-07,00:50:45,xorg-x11-drv-fbdev,0.5.0,1.el7
centos7-flask,2022-05-07,00:50:45,mariadb-libs,5.5.68,1.el7
centos7-flask,2022-05-07,00:50:45,libavc1394,0.5.3,14.el7
centos7-flask,2022-05-07,00:50:45,lldpad,1.0.1,5.git036e314.el7
centos7-flask,2022-05-07,00:50:45,libtiff,4.0.3,35.el7
centos7-flask,2022-05-07,00:50:45,telepathy-salut,0.8.1,6.el7
centos7-flask,2022-05-07,00:50:45,sg3_utils-libs,1.37,19.el7
centos7-flask,2022-05-07,00:50:45,iwl5150-firmware,8.24.2.2,80.el7_9
centos7-flask,2022-05-07,00:50:45,python-augeas,0.5.0,2.el7
centos7-flask,2022-05-07,00:50:45,slang,2.2.4,11.el7
centos7-flask,2022-05-07,00:50:45,ed,1.9,4.el7
centos7-flask,2022-05-07,00:50:45,bind-libs-lite,9.11.4,26.P2.el7_9.9
centos7-flask,2022-05-07,00:50:45,grub2-tools-extra,2.02,0.87.el7.centos.7
centos7-flask,2022-05-07,00:50:45,openssh-server,7.4p1,22.el7_9
centos7-flask,2022-05-07,00:50:45,mutter,3.28.3,30.el7
centos7-flask,2022-05-07,00:50:45,taglib,1.8,8.20130218git.el7
centos7-flask,2022-05-07,00:50:45,libXext,1.3.3,3.el7
centos7-flask,2022-05-07,00:50:45,libblockdev-utils,2.18,5.el7
centos7-flask,2022-05-07,00:50:45,ModemManager-glib,1.6.10,4.el7
centos7-flask,2022-05-07,00:50:45,dracut,033,572.el7
centos7-flask,2022-05-07,00:50:45,device-mapper-event-libs,1.02.170,6.el7_9.5
centos7-flask,2022-05-07,00:50:45,initscripts,9.49.53,1.el7_9.1
centos7-flask,2022-05-07,00:50:45,libxml2-python,2.9.1,6.el7_9.6
centos7-flask,2022-05-07,00:50:45,hunspell,1.3.2,16.el7
centos7-flask,2022-05-07,00:50:45,libieee1284,0.2.11,15.el7
centos7-flask,2022-05-07,00:50:45,libndp,1.2,9.el7
centos7-flask,2022-05-07,00:50:45,pulseaudio,10.0,6.el7_9
centos7-flask,2022-05-07,00:50:45,lsscsi,0.27,6.el7
centos7-flask,2022-05-07,00:50:45,bzip2,1.0.6,13.el7
centos7-flask,2022-05-07,00:50:45,libblockdev-part,2.18,5.el7
centos7-flask,2022-05-07,00:50:45,elfutils-libelf,0.176,5.el7
centos7-flask,2022-05-07,00:50:45,libchewing,0.3.4,6.el7
centos7-flask,2022-05-07,00:50:45,open-vm-tools,11.0.5,3.el7_9.3
centos7-flask,2022-05-07,00:50:45,gnome-themes-standard,3.28,2.el7
centos7-flask,2022-05-07,00:50:45,epel-release,7,14
centos7-flask,2022-05-07,00:50:45,libtool-ltdl,2.4.2,22.el7_3
centos7-flask,2022-05-07,00:50:45,readline,6.2,11.el7
centos7-flask,2022-05-07,00:50:45,mobile-broadband-provider-info,1.20170310,1.el7
centos7-flask,2022-05-07,00:50:45,eog,3.28.3,1.el7
centos7-flask,2022-05-07,00:50:45,yelp,3.28.1,1.el7
centos7-flask,2022-05-07,00:50:45,xorg-x11-drv-intel,2.99.917,28.20180530.el7
centos7-flask,2022-05-07,00:50:45,fwupdate-efi,12,6.el7.centos
centos7-flask,2022-05-07,00:50:45,kernel,3.10.0-1160.62.1.el7.x86_64,#1 SMP Tue Apr 5 16:57:59 UTC 2022
